actor_id,actor_name,actor_gender
1,50 Cent,M
2,AJ Michalka,F
3,Aaron Burns,M
4,Aaron Eckhart,M
5,Aaron Heffernan,M
6,Aaron Kingsley Adetola,M
7,Aaron Paul,M
8,Aaron Pierre,M
9,Aaron Ruell,M
10,Aaron Taylor-Johnson,M
11,Abbie Cornish,F
12,Abby Craden,F
13,Abby Ryder Fortson,F
14,Abe Vigoda,M
15,Abigail Breslin,F
16,Abigail Cowen,F
17,Abraham Clinkscales,M
18,Adain Bradley,M
19,Adam Arkin,M
20,Adam Baldwin,M
21,Adam Brody,M
22,Adam Campbell,M
23,Adam Cockburn,M
24,Adam Devine,M
25,Adam Driver,M
26,Adam Faison,M
27,Adam Garcia,M
28,Adam Goldberg,M
29,Adam Pascal,M
30,Adam Sandler,M
31,Adam Scott,M
32,Adelaide Kane,F
33,Adewale Akinnuoye-Agbaje,M
34,Adil Hussain,M
35,Adria Arjona,F
36,Adrian Grenier,M
37,Adrian Martinez,M
38,Adrian Rawlins,M
39,Adrien Brody,M
40,Adèle Exarchopoulos,F
41,Agnes Moorehead,F
42,Agnes O'Casey,F
43,Ahney Her,F
44,Aidan Quinn,M
45,Aidy Bryant,F
46,Aileen Quinn,F
47,Aimee Garcia,F
48,Aimee Lou Wood,F
49,Aisling Bea,F
50,Aisling Franciosi,F
51,Aitana Sánchez-Gijón,F
52,Ajay Naidu,M
53,Akihiro Kitamura,M
54,Aksel Hennie,M
55,Al Pacino,M
56,Alakina Mann,F
57,Alan Alda,M
58,Alan Arkin,M
59,Alan Cumming,M
60,Alan Howard,M
61,Alan Rickman,M
62,Alan Ruck,M
63,Alan Tudyk,M
64,Alana Haim,F
65,Alanna Ubach,F
66,Albert Brooks,M
67,Albert Finney,M
68,Alden Ehrenreich,M
69,Aldis Hodge,M
70,Alec Baldwin,M
71,Alec Guinness,M
72,Alejandro Akara,M
73,Aleks Mikic,M
74,Aleksey Serebryakov,M
75,Alessandro Bressanello,M
76,Alessandro Cremona,M
77,Alessandro Nivola,M
78,Alex Fisher,M
79,Alex Hassell,M
80,Alex Moffat,M
81,Alex Palmer,M
82,Alex Pettyfer,M
83,Alex R. Hibbert,M
84,Alex Reid,M
85,Alex Russell,M
86,Alex Sharp,M
87,Alex Winter,M
88,Alex Wolff,M
89,Alexa PenaVega,F
90,Alexander Gould,M
91,Alexander Skarsgård,M
92,Alexandra Daddario,F
93,Alexandra Essoe,F
94,Alexandra Maria Lara,F
95,Alexandra Paul,F
96,Alexis Linkletter,F
97,Alexis Zollicoffer,F
98,Aleyse Shannon,F
99,Alfie Allen,M
100,Alfred Molina,M
101,Ali Larter,F
102,Ali MacGraw,F
103,Alia Bhatt,F
104,Alice Braga,F
105,Alice Feetham,F
106,Alicia Silverstone,F
107,Alicia Vikander,F
108,Alin Uzun,M
109,Alisha Wainwright,F
110,Alisha Weir,F
111,Alison Brie,F
112,Alison Doody,F
113,Alison Lohman,F
114,Alison Sudol,F
115,Alistair Abell,M
116,Allen Covert,M
117,Allen Danziger,M
118,Allen Leech,M
119,Allison Janney,F
120,Allison Tolman,F
121,Allison Williams,F
122,Ally Sheedy,F
123,Ally Walker,F
124,Amanda Bynes,F
125,Amanda Crew,F
126,Amanda Donohoe,F
127,Amanda Peet,F
128,Amanda Seyfried,F
129,Amandla Stenberg,F
130,Amber Doig-Thorne,F
131,Amber Heard,F
132,Amber Midthunder,F
133,Amber Tamblyn,F
134,America Ferrera,F
135,Amie Donald,F
136,Amira Casar,F
137,Aml Ameen,M
138,Amr Waked,M
139,Amrish Puri,M
140,Amy Adams,F
141,Amy Brenneman,F
142,Amy Irving,F
143,Amy Keum,F
144,Amy Poehler,F
145,Amy Ryan,F
146,Amy Smart,F
147,Amy Yasbeck,F
148,An Nguyen,F
149,Ana de Armas,F
150,Ana de la Reguera,F
151,Anders Holm,M
152,Andi Osho,F
153,Andie MacDowell,F
154,Andre Braugher,M
155,Andrea Bang,F
156,Andrea Eckert,F
157,Andrea Riseborough,F
158,Andres Aybar,M
159,Andrew Barth Feldman,M
160,Andrew Blumenthal,M
161,Andrew Garfield,M
162,Andrew Howard,M
163,Andrew Kevin Walker,M
164,Andrew McCarthy,M
165,Andrew Rannells,M
166,Andrew Robinson,M
167,Andrew Scott,M
168,André 3000,M
169,Andy Lau,M
170,Andy Samberg,M
171,Andy Serkis,M
172,Ang Phula Sherpa,M
173,Angelina Jolie,F
174,Angelique Cabral,F
175,Angourie Rice,F
176,Angus Macfadyen,M
177,Angus Wright,M
178,Anika Noni Rose,F
179,Anil Kapoor,M
180,Anita Pallenberg,F
181,Anjelica Huston,F
182,Ann Harding,F
183,Ann Pierce,F
184,Ann Reinking,F
185,Anna Camp,F
186,Anna Chancellor,F
187,Anna Chlumsky,F
188,Anna Faris,F
189,Anna Friel,F
190,Anna Hutchison,F
191,Anna Kendrick,F
192,Anna Popplewell,F
193,Anna-Maree Thomas,F
194,AnnaSophia Robb,F
195,Annabelle Wallis,F
196,Annalee Jefferies,F
197,Annalise Basso,F
198,Anne Archer,F
199,Anne Bancroft,F
200,Anne Hathaway,F
201,Anne Marie Kempf,F
202,Anne Revere,F
203,Annette Bening,F
204,Annie McEnroe,F
205,Annie Potts,F
206,Ansel Elgort,M
207,Anthony Anderson,M
208,Anthony Edwards,M
209,Anthony Gonzalez,M
210,Anthony Hopkins,M
211,Anthony LaPaglia,M
212,Anthony Mackie,M
213,Anthony Michael Hall,M
214,Anthony Perkins,M
215,Anthony Quinn,M
216,Anthony Ramos,M
217,Anthony Rapp,M
218,Anton Lesser,M
219,Anton Valensi,M
220,Anton Yelchin,M
221,Antonio Banderas,M
222,Antony Acker,M
223,Antony Starr,M
224,Anya Taylor-Joy,F
225,Aomi Muyock,F
226,Archie Madekwe,M
227,Archie Yates,M
228,Ari Cohen,M
229,Ari McCarthy,F
230,Ariana DeBose,F
231,Ariana Greenblatt,F
232,Arielle Carver-O'Neill,F
233,Arliss Howard,M
234,Armie Hammer,M
235,Armin Mueller-Stahl,M
236,Arnold Schwarzenegger,M
237,Arnold Vosloo,M
238,Arsher Ali,M
239,Art LaFleur,M
240,Asa Butterfield,M
241,Asher Angel,M
242,Ashley Benson,F
243,Ashley Laurence,F
244,Ashley Park,F
245,Ashlynn Yennie,F
246,Ashton Kutcher,M
247,Ashton Sanders,M
248,Astrid Bergès-Frisbey,F
249,Aubrey Plaza,F
250,Audrey Hepburn,F
251,Audrey Tautou,F
252,Auli'i Cravalho,F
253,Aunjanue Ellis-Taylor,F
254,Austin Amelio,M
255,Austin Butler,M
256,Austin Stout,M
257,Ava Cooper,F
258,Ava Morse,F
259,Ava Zaria Lee,F
260,Aven Courtney,M
261,Awkwafina,F
262,Ayden Mayeri,F
263,Ayo Edebiri,F
264,Azhy Robertson,M
265,BD Wong,M
266,Banks Repeta,M
267,Barbara Bach,F
268,Barbara Barrie,F
269,Barbara Bel Geddes,F
270,Barbara Hershey,F
271,Barbara Nedeljakova,F
272,Barbara O'Neil,F
273,Barbara Stanwyck,F
274,Barbra Streisand,F
275,Barnard Hughes,M
276,Barret Oliver,M
277,Barrett Doss,F
278,Barry Bostwick,M
279,Barry G. Bernson,M
280,Barry Keoghan,M
281,Barry Miller,M
282,Beanie Feldstein,F
283,Beatrice Straight,F
284,Beau Gadsdon,F
285,Becky G,F
286,Bee Vang,M
287,Bella Ramsey,F
288,Bella Thorne,F
289,Ben Affleck,M
290,Ben Aldridge,M
291,Ben Barnes,M
292,Ben Burtt,M
293,Ben Ewing,M
294,Ben Falcone,M
295,Ben Feldman,M
296,Ben Foster,M
297,Ben Gazzara,M
298,Ben Hardy,M
299,Ben Kingsley,M
300,Ben Marshall,M
301,Ben Mendelsohn,M
302,Ben Platt,M
303,Ben Schwartz,M
304,Ben Stiller,M
305,Ben Walker,M
306,Ben Whishaw,M
307,Benedict Cumberbatch,M
308,Benedict Wong,M
309,Benicio Del Toro,M
310,Benjamin Bratt,M
311,Benjamin Evan Ainsworth,M
312,Benny Elledge,M
313,Benny Safdie,M
314,Bernard Lee,M
315,Bernard Miles,M
316,Bernie Mac,M
317,Bert Kreischer,M
318,Bert Lahr,M
319,Bertie Carvel,M
320,Beth Grant,F
321,Betsy Baker,F
322,Betty Gabriel,F
323,Betty Gilpin,F
324,Beulah Bondi,F
325,Beverly D'Angelo,F
326,Beyoncé,F
327,Bhumi Pednekar,F
328,Biff McGuire,M
329,Bijan Daneshmand,M
330,Bill Burr,M
331,Bill Camp,M
332,Bill Cobbs,M
333,Bill Erwin,M
334,Bill Hader,M
335,Bill McKinney,M
336,Bill Murray,M
337,Bill Nighy,M
338,Bill Paxton,M
339,Bill Pullman,M
340,Bill Sage,M
341,Bill Skarsgård,M
342,Billy Barty,M
343,Billy Bob Thornton,M
344,Billy Boyd,M
345,Billy Burke,M
346,Billy Connolly,M
347,Billy Crudup,M
348,Billy Crystal,M
349,Billy Porter,M
350,Billy Zane,M
351,Bing Crosby,M
352,Bingbing Fan,F
353,Bingbing Li,F
354,Black Rebel Motorcycle Club,M
355,Blake Baumgartner,M
356,Blake Lively,F
357,Blanche Baker,F
358,Blue Ivy Carter,F
359,Blythe Auffarth,F
360,Bo Burnham,M
361,Bob Griffin,M
362,Bob Gunton,M
363,Bob Hoskins,M
364,Bob Newhart,M
365,Bob Odenkirk,M
366,Bobby Cannavale,M
367,Bokeem Woodbine,M
368,Bonnie Aarons,F
369,Bonnie Bedelia,F
370,Bonnie Hunt,F
371,Boris Isakovic,M
372,Boyd Holbrook,M
373,Brad Garrett,M
374,Brad Pitt,M
375,Brad Renfro,M
376,Bradley Cooper,M
377,Bradley Whitford,M
378,Brady Corbet,M
379,Brady Noon,M
380,Brandon Lee,M
381,Brandon Perea,M
382,Brandon T. Jackson,M
383,Breckin Meyer,M
384,Bree Elrod,F
385,Brenda Blethyn,F
386,Brenda Deiss,F
387,Brenda Rawn,F
388,Brenda de Banzie,F
389,Brendan Fraser,M
390,Brendan Gleeson,M
391,Brenton Thwaites,M
392,Bria Vinaite,F
393,Brian Blessed,M
394,Brian Cox,M
395,Brian Dennehy,M
396,Brian Geraghty,M
397,Brian Howe,M
398,Brian Tyler,M
399,Brian Tyree Henry,M
400,Briana Middleton,F
401,Bridget Fonda,F
402,Bridget Moynahan,F
403,Bridgette Barrett,F
404,Bridgette Wilson-Sampras,F
405,Brie Larson,F
406,Britt Ekland,F
407,Britt Robertson,F
408,Brittany Ashton Holmes,F
409,Brittany Murphy,F
410,Brittany O'Grady,F
411,Brittany Snow,F
412,Brooke Langton,F
413,Brooke Shields,F
414,Brooke Timber,F
415,Brooklyn Decker,F
416,Brooklynn Prince,F
417,Bruce Boxleitner,M
418,Bruce Campbell,M
419,Bruce Davison,M
420,Bruce Dern,M
421,Bruce Greenwood,M
422,Bruce Ramsay,M
423,Bruce Spence,M
424,Bruce Willis,M
425,Bruna Marquezine,F
426,Bruno Campos,M
427,Bruno Ganz,M
428,Bruno Kirby,M
429,Bryan Cranston,M
430,Bryce Dallas Howard,F
431,Bryon Lerum,M
432,Bubba Smith,M
433,Bud Cort,M
434,Buddy Duress,M
435,Buddy Ebsen,M
436,Bug Hall,M
437,Burn Gorman,M
438,Burt Reynolds,M
439,Burt Young,M
440,Busy Philipps,F
441,Buzz Kilman,M
442,C. Thomas Howell,M
443,CCH Pounder,F
444,Cab Calloway,M
445,Cailee Spaeny,F
446,Caitlin Zerra Rose,F
447,Caitlyn Rund,F
448,Caitríona Balfe,F
449,Caleb Landry Jones,M
450,Callie Hernandez,F
451,Callum Turner,M
452,Cameron Bright,M
453,Cameron Diaz,F
454,Cameron Lee Price,M
455,Cameron Seely,F
456,Camila Cabello,F
457,Camille Cottin,F
458,Candice Bergen,F
459,Cara Delevingne,F
460,Cara Gee,F
461,Carel Struycken,M
462,Carey Lowell,F
463,Carey Mulligan,F
464,Carl Weathers,M
465,Carla Gugino,F
466,Carlease Burke,F
467,Carlos Montalbán,M
468,Carmen Electra,F
469,Carmen Maura,F
470,Carol Burnett,F
471,Carole Bouquet,F
472,Caroline Goodall,F
473,Carolyn McCormick,F
474,Carrie Coon,F
475,Carrie Fisher,F
476,Carrie Henn,F
477,Carrie Preston,F
478,Carrie Snodgress,F
479,Carrie-Anne Moss,F
480,Carter John Grout,M
481,Cary Crankson,M
482,Cary Elwes,M
483,Cary Grant,M
484,Carys Bowkett,F
485,Casey Affleck,M
486,Casey Likes,M
487,Casper Van Dien,M
488,Cassandra Naud,F
489,Cassandra Violet,F
490,Cate Blanchett,F
491,Caterina Murino,F
492,Catherine Keener,F
493,Catherine McCormack,F
494,Catherine O'Hara,F
495,Catherine Zeta-Jones,F
496,Cathy Moriarty,F
497,Caylee Cowan,F
498,Cecily Strong,F
499,Celeste O'Connor,F
500,Celia Rowlson-Hall,F
501,Celia Weston,F
502,Chadwick Boseman,M
503,Chance Hurstfield,M
504,Channing Tatum,M
505,Charlbi Dean,F
506,Charles Baker,M
507,Charles Bronson,M
508,Charles Dance,M
509,Charles Fleischer,M
510,Charles Gray,M
511,Charles Grodin,M
512,Charles Laughton,M
513,Charles Malik Whitfield,M
514,Charles Martin Smith,M
515,Charles Melton,M
516,Charles Parnell,M
517,Charles Ruggles,M
518,Charles S. Dutton,M
519,Charlie Cox,M
520,Charlie Day,M
521,Charlie Gillespie,M
522,Charlie Hunnam,M
523,Charlie Plummer,M
524,Charlie Sheen,M
525,Charlie Tahan,M
526,Charlize Theron,F
527,Charlotte Gainsbourg,F
528,Charlotte Rampling,F
529,Charlotte Vega,F
530,Charlton Heston,M
531,Chase Mullins,M
532,Chazz Palminteri,M
533,Cheech Marin,M
534,Cher,F
535,Cherie Lunghi,F
536,Cheryl Hines,F
537,Chetavious Davis,M
538,Chevy Chase,M
539,Chi McBride,M
540,Chiara Aurelia,F
541,Chief Dan George,M
542,Chiwetel Ejiofor,M
543,Chloe Coleman,F
544,Chloë Grace Moretz,F
545,Chloë Levine,F
546,Choi Min-sik,M
547,Chord Overstreet,M
548,Chosen Jacobs,M
549,Chris Bauer,M
550,Chris Cock,M
551,Chris Cooper,M
552,Chris Coppola,M
553,Chris Elliott,M
554,Chris Evans,M
555,Chris Farley,M
556,Chris Hemsworth,M
557,Chris Klein,M
558,Chris Messina,M
559,Chris O'Donnell,M
560,Chris Penn,M
561,Chris Pine,M
562,Chris Pratt,M
563,Chris Rock,M
564,Chris Sarandon,M
565,Chris Tenzis,M
566,Chris Tucker,M
567,Christian Bale,M
568,Christian Cooke,M
569,Christian Roberts,M
570,Christian Slater,M
571,Christian Stevens,M
572,Christian Stolte,M
573,Christina Aguilera,F
574,Christina Applegate,F
575,Christina Eleusiniotis,F
576,Christina Hendricks,F
577,Christina Jastrzembska,F
578,Christina Ricci,F
579,Christina Vidal,F
580,Christine Ebersole,F
581,Christine Taylor,F
582,Christoph Waltz,M
583,Christopher Abbott,M
584,Christopher Adamson,M
585,Christopher Atkins,M
586,Christopher Carley,M
587,Christopher Daniel Barnes,M
588,Christopher Denham,M
589,Christopher Eccleston,M
590,Christopher Evan Welch,M
591,Christopher Fitzgerald,M
592,Christopher Guest,M
593,Christopher Lambert,M
594,Christopher Lee,M
595,Christopher Leveaux,M
596,Christopher Lloyd,M
597,Christopher McDonald,M
598,Christopher Mintz-Plasse,M
599,Christopher Plummer,M
600,Christopher Reeve,M
601,Christopher Rivera,M
602,Christopher Severio,M
603,Christopher Walken,M
604,Chukwudi Iwuji,M
605,Chyler Leigh,F
606,Ciarán Hinds,M
607,Cillian Murphy,M
608,Claes Bang,M
609,Claire Danes,F
610,Claire Forlani,F
611,Claire Foy,F
612,Claire Rodgerson,F
613,Clancy Brown,M
614,Clare Higgins,F
615,Clark Duke,M
616,Clark Gable,M
617,Claude Rains,M
618,Claudia Christian,F
619,Clea DuVall,F
620,Cleavon Little,M
621,Clemens Schick,M
622,Cleopatra Coleman,F
623,Cliff Curtis,M
624,Clifton Powell,M
625,Clint Eastwood,M
626,Clive Owen,M
627,Cobie Smulders,F
628,Cole Hauser,M
629,Cole Konis,M
630,Cole Sprouse,M
631,Colin Farrell,M
632,Colin Firth,M
633,Colin Hanks,M
634,Colm Feore,M
635,Colm Meaney,M
636,Colman Domingo,M
637,Colton Haynes,M
638,Colton James,M
639,Columbus Short,M
640,Common,M
641,Conan O'Brien,M
642,Connie Nielsen,F
643,Constance Wu,F
644,Cooper Hoffman,M
645,Corbin Bernsen,M
646,Corey Burton,M
647,Corey Feldman,M
648,Corey Haim,M
649,Corey Hawkins,M
650,Cori Gonzalez-Macuer,M
651,Cormac Wright,M
652,Courteney Cox,F
653,Craig Bierko,M
654,Craig Ferguson,M
655,Craig Robinson,M
656,Craig T. Nelson,M
657,Craig Van Hook,M
658,Crispin Glover,M
659,Cristal Aparicio,F
660,Cristin Milioti,F
661,Crystal Reed,F
662,Cuba Gooding Jr.,M
663,Curd Jürgens,M
664,Cybill Shepherd,F
665,Cynthia Erivo,F
666,Cynthia Rhodes,F
667,Céline Dion,F
668,Da'Vine Joy Randolph,F
669,Dafne Keen,F
670,Dagmara Dominczyk,F
671,Daisy Edgar-Jones,F
672,Daisy Ridley,F
673,Dakota Beavers,M
674,Dakota Blue Richards,F
675,Dakota Fanning,F
676,Dakota Goyo,M
677,Dakota Johnson,F
678,Dale Black,M
679,Dali Rose Tetreault,F
680,Damien Marzette,M
681,Damián Alcázar,M
682,Dan Aykroyd,M
683,Dan Byrd,M
684,Dan Davis,M
685,Dan Duran,M
686,Dan Ewing,M
687,Dan Fogler,M
688,Dan Hedaya,M
689,Dan Monahan,M
690,Dan O'Herlihy,M
691,Dan Stevens,M
692,Dana Carvey,M
693,Dana Hill,F
694,Danai Gurira,F
695,Dane DeHaan,M
696,Dane DiLiegro,M
697,Daniel Ades,M
698,Daniel Brühl,M
699,Daniel Craig,M
700,Daniel Day-Lewis,M
701,Daniel Everett,M
702,Daniel Franzese,M
703,Daniel Kaluuya,M
704,Daniel Mays,M
705,Daniel Olbrychski,M
706,Daniel Radcliffe,M
707,Daniel Richter,M
708,Daniel Stern,M
709,Daniel Wu,M
710,Daniel York,M
711,Daniel Zovatto,M
712,Daniella Kertesz,F
713,Danielle Brooks,F
714,Danielle Panabaker,F
715,Danielle Ryan,F
716,Danielle Vitalis,F
717,Danny Aiello,M
718,Danny DeVito,M
719,Danny Elfman,M
720,Danny Glover,M
721,Danny Huston,M
722,Danny Kaye,M
723,Danny Lloyd,M
724,Danny McBride,M
725,Danny McCarthy,M
726,Danny Plaza,M
727,Dar Salim,M
728,Darby Camp,F
729,Darren Barnet,M
730,Darren McGavin,M
731,Daryl Hannah,F
732,Daryl McCormack,M
733,Daryl Sabara,M
734,Dash Mihok,M
735,Dave Bautista,M
736,Dave Franco,M
737,Dave Goelz,M
738,Dave Turner,M
739,David Alvarez,M
740,David Arquette,M
741,David Bennent,M
742,David Bowie,M
743,David Bradley,M
744,David Brisbin,M
745,David Carradine,M
746,David Corenswet,M
747,David Cross,M
748,David Dastmalchian,M
749,David Della Rocco,M
750,David Denman,M
751,David Dorfman,M
752,David Duchovny,M
753,David Fane,M
754,David Forman,M
755,David Gulpilil,M
756,David Harbour,M
757,David Hasselhoff,M
758,David Herman,M
759,David Hornsby,M
760,David Howard Thornton,M
761,David James,M
762,David Kelly,M
763,David Koechner,M
764,David Morse,M
765,David Naughton,M
766,David Niven,M
767,David Ogden Stiers,M
768,David Oyelowo,M
769,David Paymer,M
770,David Schwimmer,M
771,David Spade,M
772,David Strathairn,M
773,David Thewlis,M
774,David Tomlinson,M
775,David Wenham,M
776,Dawn Didawick,F
777,Dax Flame,M
778,Dax Shepard,M
779,Dayo Okeniyi,M
780,Dean Braxton,M
781,Dean Scott Vazquez,M
782,Dean Stockwell,M
783,Dean-Charles Chapman,M
784,Deanna Dunagan,F
785,Debbie Reynolds,F
786,Deborah Kara Unger,F
787,Dee Wallace,F
788,Deja Monique Cruz,F
789,Delroy Lindo,M
790,Demi Moore,F
791,Demian Slade,M
792,Demián Bichir,M
793,Denholm Elliott,M
794,Denis Leary,M
795,Denise Burse,F
796,Denise Richards,F
797,Dennis Dun,M
798,Dennis Franz,M
799,Dennis Hopper,M
800,Dennis Morgan,M
801,Dennis Quaid,M
802,Denzel Washington,M
803,Denée Benton,F
804,Derek Jacobi,M
805,Derek Jeter,M
806,Derek Richardson,M
807,Dermot Crowley,M
808,Dermot Mulroney,M
809,Desmond Harrington,M
810,Dev Patel,M
811,Devon Sawa,M
812,Devyn McDowell,F
813,Dexter Fletcher,M
814,Dexter Sol Ansell,M
815,Diana Rigg,F
816,Diana Ross,F
817,Diana Silvers,F
818,Diane Cilento,F
819,Diane Keaton,F
820,Diane Kruger,F
821,Diane Lane,F
822,Dianna Agron,F
823,Dianne Wiest,F
824,Dick Van Dyke,M
825,Diedrich Bader,M
826,Diego Luna,M
827,Diego Tinoco,M
828,Dieter Laser,M
829,Dina Meyer,F
830,Djimon Hounsou,M
831,Dolly Ahluwalia,F
832,Dolph Lundgren,M
833,Domhnall Gleeson,M
834,Dominic Sessa,M
835,Dominic West,M
836,Dominique Fishback,F
837,Dominique McElligott,F
838,Dominique Pinon,M
839,Dominique Swain,F
840,Don Ameche,M
841,Don Cheadle,M
842,Don DeFore,M
843,Don Rickles,M
844,Donald Glover,M
845,Donald O'Connor,M
846,Donald Pleasence,M
847,Donald Sutherland,M
848,Donna Murphy,F
849,Donna Reed,F
850,Donnie Yen,M
851,Dora Madison,F
852,Doris Day,F
853,Doris Hick,F
854,Dorothy Comingore,F
855,Dorsey Wright,M
856,Doug Jones,M
857,Dougie McConnell,M
858,Douglas M. Griffin,M
859,Douglas Seale,M
860,Dougray Scott,M
861,Drew Barrymore,F
862,Drew Starkey,M
863,Dunja Sepcic,F
864,Dustin Ceithamer,M
865,Dustin Hoffman,M
866,Dwayne Johnson,M
867,Dylan Arnold,M
868,Dylan Minnette,M
869,Dylan O'Brien,M
870,Dylan River,M
871,Dylan Sprouse,M
872,Dániel Mogács,M
873,Eartha Kitt,F
874,Ebla Mari,F
875,Ed Ackerman,M
876,Ed Harris,M
877,Ed Helms,M
878,Ed Oxenbould,M
879,Ed Skrein,M
880,Eddie Baroo,M
881,Eddie Marsan,M
882,Eddie Murphy,M
883,Eddie Redmayne,M
884,Eden Lawrence,F
885,Edgar Ramírez,M
886,Edith Evans,F
887,Edmund Gwenn,M
888,Edward Ashley,M
889,Edward Asner,M
890,Edward Burns,M
891,Edward Furlong,M
892,Edward Herrmann,M
893,Edward James Olmos,M
894,Edward Norton,M
895,Edward Woodward,M
896,Edwin Hodge,M
897,Edwin Neal,M
898,Efren Ramirez,M
899,Eileen Atkins,F
900,Eileen Brennan,F
901,Eiza González,F
902,Elaine Hendrix,F
903,Elden Henson,M
904,Eleanor Parker,F
905,Elena Kampouris,F
906,Eli Roth,M
907,Elias Koteas,M
908,Elijah Wood,M
909,Eliot Glazer,M
910,Elisabeth Moss,F
911,Elisabeth Shue,F
912,Elisha Cuthbert,F
913,Elissa Knight,F
914,Eliza Dushku,F
915,Eliza Scanlen,F
916,Eliza Stuyck,F
917,Elizabeth Banks,F
918,Elizabeth Berkley,F
919,Elizabeth Berridge,F
920,Elizabeth Berrington,F
921,Elizabeth Debicki,F
922,Elizabeth Gracen,F
923,Elizabeth Hurley,F
924,Elizabeth Kaluev,F
925,Elizabeth Lail,F
926,Elizabeth McGovern,F
927,Elizabeth Mitchell,F
928,Elizabeth Olsen,F
929,Elizabeth Patterson,F
930,Elizabeth Perkins,F
931,Elizabeth Taylor,F
932,Ella Hunt,F
933,Ella Purnell,F
934,Elle Fanning,F
935,Ellen Barkin,F
936,Ellen Burstyn,F
937,Ellen DeGeneres,F
938,Ellen Latzen,F
939,Ellen Sandweiss,F
940,Ellie Kemper,F
941,Elliot Page,M
942,Elliott Fullam,M
943,Ellise Chappell,F
944,Elodie Yung,F
945,Eloise Mumford,F
946,Elpidia Carrillo,F
947,Elsa Lanchester,F
948,Elya Baskin,M
949,Embeth Davidtz,F
950,Emile Hirsch,M
951,Emilia Clarke,F
952,Emilia Fox,F
953,Emilia Jones,F
954,Emilie de Ravin,F
955,Emilio Estevez,M
956,Emilio Subercaseaux Campos,M
957,Emily Baldoni,F
958,Emily Blunt,F
959,Emily Browning,F
960,Emily Mortimer,F
961,Emily Tennant,F
962,Emily Tosta,F
963,Emily Watson,F
964,Emily Yancy,F
965,Eminem,M
966,Emma Bell,F
967,Emma Berman,F
968,Emma Corrin,F
969,Emma Dumont,F
970,Emma Myers,F
971,Emma Roberts,F
972,Emma Stone,F
973,Emma Thompson,F
974,Emma Watson,F
975,Emmanuelle Béart,F
976,Emmanuelle Chriqui,F
977,Emmanuelle Seigner,F
978,Emmy Rossum,F
979,Emyri Crutchfield,F
980,Enva Lewis,F
981,Erdil Yasaroglu,M
982,Eric Bana,M
983,Eric Bogosian,M
984,Eric Christian Olsen,M
985,Eric Dane,M
986,Eric Idle,M
987,Eric Johnson,M
988,Eric Lloyd,M
989,Eric Schweig,M
990,Eric Stoltz,M
991,Eric Sykes,M
992,Erica Ellis,F
993,Erik Per Sullivan,M
994,Erika Alexander,F
995,Erika Linder,F
996,Erinn Hayes,F
997,Ernest Borgnine,M
998,Ernie Dingo,M
999,Ernie Hudson,M
1000,Erwan Kepoa Falé,M
1001,Esai Morales,M
1002,Estelle Getty,F
1003,Ethan Embry,M
1004,Ethan Hawke,M
1005,Eugene Collier,M
1006,Eugene Lee Yang,M
1007,Eugenio Derbez,M
1008,Eugenio Mastrandrea,M
1009,Eva Green,F
1010,Eva Longoria,F
1011,Eva Marie Saint,F
1012,Eva Mendes,F
1013,Evan Ellison,M
1014,Evan Rachel Wood,F
1015,Evangeline Lilly,F
1016,Eve Hewson,F
1017,Evelyn Claire,F
1018,Ewan McGregor,M
1019,Ewen Bremner,M
1020,Ewen Leslie,M
1021,Eythor Gudjonsson,M
1022,Ezra Miller,M
1023,F. Murray Abraham,M
1024,Fairuza Balk,F
1025,Faith Wladyka,F
1026,Famke Janssen,F
1027,Fantasia Barrino,F
1028,Farhad Bagheri,M
1029,Farrah Mackenzie,F
1030,Faye Dunaway,F
1031,Feather,F
1032,Fedja van Huêt,M
1033,Fei Ren,F
1034,Felicity Jones,F
1035,Fernanda Dorogi,F
1036,Finn Lee-Epp,M
1037,Finn Wolfhard,M
1038,Fionn Whitehead,M
1039,Fionnula Flanagan,F
1040,Florence Kastriner,F
1041,Florence Pugh,F
1042,Forest Whitaker,M
1043,Forrest Goodluck,M
1044,Fran Kranz,M
1045,Frances Bay,F
1046,Frances Conroy,F
1047,Frances Faye,F
1048,Frances Fisher,F
1049,Frances McDormand,F
1050,Frances O'Connor,F
1051,Frances Sternhagen,F
1052,Francesc Albiol,M
1053,Francesca Annis,F
1054,Francis Capra,M
1055,Francisco Castaneda,M
1056,Franco Nero,M
1057,Frank Finlay,M
1058,Frank Langella,M
1059,Frank Morgan,M
1060,Frank Overton,M
1061,Frank Vincent,M
1062,Frank Whaley,M
1063,Franka Potente,F
1064,Frankie Corio,F
1065,Franz Rogowski,M
1066,François Civil,M
1067,François Truffaut,M
1068,Fred Astaire,M
1069,Fred Hechinger,M
1070,Fred MacMurray,M
1071,Fred Thompson,M
1072,Fred Willard,M
1073,Freddie Highmore,M
1074,Freddie Prinze Jr.,M
1075,Frederic Forrest,M
1076,Fredro Starr,M
1077,Freida Pinto,F
1078,G.W. Bailey,M
1079,Gabriel Byrne,M
1080,Gabriel Damon,M
1081,Gabriel Davenport,M
1082,Gabriel LaBelle,M
1083,Gabriel Macht,M
1084,Gabriel Sloyer,M
1085,Gabriele Ferzetti,M
1086,Gabriella Wilde,F
1087,Gabrielle Anwar,F
1088,Gabrielle Union,F
1089,Gaby Hoffmann,F
1090,Gael García Bernal,M
1091,Gal Gadot,F
1092,Garcelle Beauvais,F
1093,Garret Dillahunt,M
1094,Garrett Hedlund,M
1095,Garrett M. Brown,M
1096,Gary Busey,M
1097,Gary Cockrell,M
1098,Gary Cole,M
1099,Gary Kemp,M
1100,Gary Lockwood,M
1101,Gary Oldman,M
1102,Gary Sinise,M
1103,Gastner Legerme,M
1104,Gay DeForest,F
1105,Gayle Rankin,F
1106,Gbenga Akinnagbe,M
1107,Geena Davis,F
1108,Gemma Arterton,F
1109,Gemma Chan,F
1110,Gemma Jones,F
1111,Gemma Ward,F
1112,Gena Rowlands,F
1113,Gene Bervoets,M
1114,Gene Hackman,M
1115,Gene Kelly,M
1116,Gene Lockhart,M
1117,Gene Wilder,M
1118,Genesis Rodriguez,F
1119,Genneya Walton,F
1120,Geoffrey Rush,M
1121,George 'Buck' Flower,M
1122,George Buza,M
1123,George C. Scott,M
1124,George Carlin,M
1125,George Chakiris,M
1126,George Clooney,M
1127,George Dzundza,M
1128,George Georgiou,M
1129,George Lazenby,M
1130,George MacKay,M
1131,George Peppard,M
1132,George Raft,M
1133,George Young,M
1134,Georgie Henley,F
1135,Georgina Campbell,F
1136,Gerald McRaney,M
1137,Gerald R. Molen,M
1138,Geraldine Chaplin,F
1139,Geraldine Viswanathan,F
1140,Gerard Butler,M
1141,Gerry Robert Byrne,M
1142,Gert Fröbe,M
1143,Giancarlo Esposito,M
1144,Gil Birmingham,M
1145,Gilmer McCormick,M
1146,Gina Gershon,F
1147,Gina Rodriguez,F
1148,Gina Torres,F
1149,Ginnifer Goodwin,F
1150,Giovanna Galletti,F
1151,Giovanni Ribisi,M
1152,Giuseppe Festinese,M
1153,Glen Powell,M
1154,Glenda Jackson,F
1155,Glenn Close,F
1156,Glenn Howerton,M
1157,Glenn Plummer,M
1158,Glynis Johns,F
1159,Glynn Turman,M
1160,Goldie Hawn,F
1161,Goran Visnjic,M
1162,Gore Vidal,M
1163,Grace Caroline Currey,F
1164,Grace Jenkins,F
1165,Grace Kelly,F
1166,Graham Chapman,M
1167,Graham Greene,M
1168,Graham Norton,M
1169,Greg Grunberg,M
1170,Greg Kinnear,M
1171,Gregg Henry,M
1172,Gregg Weiner,M
1173,Gregory Cox,M
1174,Gregory Mann,M
1175,Gregory Peck,M
1176,Greta Gerwig,F
1177,Greta Lind,F
1178,Griffin Dunne,M
1179,Gus Kenworthy,M
1180,Gustave Die,M
1181,Gustavo Escobar,M
1182,Guy Pearce,M
1183,Gwilym Lee,M
1184,Gwyneth Paltrow,F
1185,Gábor Czap,M
1186,Gérard Depardieu,M
1187,Hailee Steinfeld,F
1188,Hal Holbrook,M
1189,Hal Liggett,M
1190,Haley Bennett,F
1191,Haley Joel Osment,M
1192,Haley Lu Richardson,F
1193,Halle Bailey,F
1194,Halle Berry,F
1195,Hamish Phillips,M
1196,Hank Azaria,M
1197,Hanno Pöschl,M
1198,Hans Matheson,M
1199,Hardy Krüger,M
1200,Harold Perrineau,M
1201,Harold Ramis,M
1202,Harold Torres,M
1203,Harriet Andersson,F
1204,Harriet Dyer,F
1205,Harriet Sansom Harris,F
1206,Harriet Walter,F
1207,Harris Dickinson,M
1208,Harrison Ford,M
1209,Harry Dean Stanton,M
1210,Harry Melling,M
1211,Harry Styles,M
1212,Harvey Fierstein,M
1213,Harvey Guillén,M
1214,Harvey Keitel,M
1215,Harvey Korman,M
1216,Havana Rose Liu,F
1217,Haya Harareet,F
1218,Hayden Christensen,M
1219,Hayden Szeto,M
1220,Hayley Atwell,F
1221,Heath Ledger,M
1222,Heather Donahue,F
1223,Heather Graham,F
1224,Heather Langenkamp,F
1225,Heather Matarazzo,F
1226,Heather O'Rourke,F
1227,Hector Elizondo,M
1228,Heidi Kling,F
1229,Heinz Bennent,M
1230,Helen Hunt,F
1231,Helen Mirren,F
1232,Helen Shaver,F
1233,Helen Thomson,F
1234,Helena Bonham Carter,F
1235,Helmut Qualtinger,M
1236,Henry Cavill,M
1237,Henry Czerny,M
1238,Henry Fonda,M
1239,Henry Golding,M
1240,Henry Goodman,M
1241,Henry Thomas,M
1242,Henry Winkler,M
1243,Hera Hilmar,F
1244,Herb Caillouet,M
1245,Herbert Nordrum,M
1246,Hero Fiennes Tiffin,M
1247,Hiam Abbass,F
1248,Hilary Swank,F
1249,Himesh Patel,M
1250,Hiroyuki Sanada,M
1251,Holland Roden,F
1252,Holland Taylor,F
1253,Holly Hunter,F
1254,Holmes Osborne,M
1255,Holt McCallany,M
1256,Hong Chau,F
1257,Honor Blackman,F
1258,Howie Mandel,M
1259,Hoyt Axton,M
1260,Huck Milner,M
1261,Hudhail Al-Amir,M
1262,Hugh Bonneville,M
1263,Hugh Grant,M
1264,Hugh Jackman,M
1265,Hugh Keays-Byrne,M
1266,Hugh Laurie,M
1267,Hugo Weaving,M
1268,Humphrey Bogart,M
1269,Hyein Park,F
1270,Ian Holm,M
1271,Ian McKellen,M
1272,Ian McShane,M
1273,Ian Mongrain,M
1274,Ice Cube,M
1275,Idina Menzel,F
1276,Idris Elba,M
1277,Ike Barinholtz,M
1278,Ilan Mitchell-Smith,M
1279,Iliza Shlesinger,F
1280,Iman Vellani,F
1281,Imelda Staunton,F
1282,Imogen Poots,F
1283,Imogene Coca,F
1284,Ingrid Bergman,F
1285,Ioan Gruffudd,M
1286,Irina Björklund,F
1287,Iris Apatow,F
1288,Irrfan Khan,M
1289,Isabela Merced,F
1290,Isabella LaBlanc,F
1291,Isabella Laughland,F
1292,Isabella O'Sullivan,F
1293,Isabella Rossellini,F
1294,Isabelle Adjani,F
1295,Isabelle Fuhrman,F
1296,Isaiah Mustafa,M
1297,Isaiah Stone,M
1298,Isla Fisher,F
1299,Issa Rae,F
1300,Iva Babic,F
1301,Izaac Wang,M
1302,Izabela Vidovic,F
1303,Izabella Scorupco,F
1304,Izzy Meikle-Small,F
1305,J.E. Freeman,M
1306,J.K. Simmons,M
1307,JB Blanc,M
1308,JD Pardo,M
1309,Jack Albertson,M
1310,Jack Black,M
1311,Jack Champion,M
1312,Jack Davenport,M
1313,Jack Doolan,M
1314,Jack Dylan Grazer,M
1315,Jack Hawkins,M
1316,Jack Huston,M
1317,Jack Kehoe,M
1318,Jack Lemmon,M
1319,Jack Nicholson,M
1320,Jack Nielen,M
1321,Jack O'Connell,M
1322,Jack Reynor,M
1323,Jack Thompson,M
1324,Jack Wagner,M
1325,Jack Whitehall,M
1326,Jacki Weaver,F
1327,Jackie Chan,M
1328,Jackie Earle Haley,M
1329,Jackie Minns,F
1330,Jackie Sandler,F
1331,Jackson A. Dunn,M
1332,Jackson White,M
1333,Jacob Batalon,M
1334,Jacob Elordi,M
1335,Jacob Lofland,M
1336,Jacob Pitts,M
1337,Jacob Tremblay,M
1338,Jacob Vargas,M
1339,Jacob Ward,M
1340,Jada Alberts,F
1341,Jada Pinkett Smith,F
1342,Jaden Smith,M
1343,Jae Head,M
1344,Jaeden Martell,M
1345,Jai Courtney,M
1346,Jaime Hill,F
1347,Jaime Pressly,F
1348,Jaime Winstone,F
1349,Jake Busey,M
1350,Jake Gyllenhaal,M
1351,Jake Johnson,M
1352,Jake Lloyd,M
1353,Jake Picking,M
1354,Jake Weber,M
1355,James Acheson,M
1356,James Badge Dale,M
1357,James Caan,M
1358,James Coburn,M
1359,James Corden,M
1360,James Cromwell,M
1361,James D'Arcy,M
1362,James DuMont,M
1363,James Earl Jones,M
1364,James Fleet,M
1365,James Franco,M
1366,James Gandolfini,M
1367,James Garner,M
1368,James Gleason,M
1369,James Hong,M
1370,James Marsden,M
1371,James Mason,M
1372,James McAvoy,M
1373,James Ransone,M
1374,James Rebhorn,M
1375,James Remar,M
1376,James Saito,M
1377,James Spader,M
1378,James Stewart,M
1379,James Van Der Beek,M
1380,James Woods,M
1381,Jami Gertz,F
1382,Jamie Bell,M
1383,Jamie Chung,F
1384,Jamie Clayton,F
1385,Jamie Dornan,M
1386,Jamie Foxx,M
1387,Jamie Lee Curtis,F
1388,Jane Curtin,F
1389,Jane Fonda,F
1390,Jane Levy,F
1391,Jane Widdop,F
1392,Janelle Monáe,F
1393,Janet Leigh,F
1394,Janet McTeer,F
1395,Jared Gilman,M
1396,Jared Harris,M
1397,Jared Leto,M
1398,Jarred Rogers,M
1399,Jasmin Savoy Brown,F
1400,Jasmine Mathews,F
1401,Jason Alexander,M
1402,Jason Bateman,M
1403,Jason Biggs,M
1404,Jason Clarke,M
1405,Jason Cope,M
1406,Jason Drucker,M
1407,Jason Flemyng,M
1408,Jason Gray-Stanford,M
1409,Jason Isaacs,M
1410,Jason Lee,M
1411,Jason Lively,M
1412,Jason London,M
1413,Jason Mitchell,M
1414,Jason Momoa,M
1415,Jason Patric,M
1416,Jason Robards,M
1417,Jason Schwartzman,M
1418,Jason Segel,M
1419,Jason Statham,M
1420,Jason Sudeikis,M
1421,Jason Wong,M
1422,Javier Bardem,M
1423,Jay Baruchel,M
1424,Jay Hernandez,M
1425,Jaye Davidson,M
1426,Jean Hagen,F
1427,Jean Louisa Kelly,F
1428,Jean Marsh,F
1429,Jean Reno,M
1430,Jean Simmons,F
1431,Jean Smart,F
1432,Jean Zarzour,M
1433,Jeanette Hain,F
1434,Jeanne Bates,F
1435,Jeanne Tripplehorn,F
1436,Jeff Branson,M
1437,Jeff Bridges,M
1438,Jeff Cohen,M
1439,Jeff Conaway,M
1440,Jeff Daniels,M
1441,Jeff Garlin,M
1442,Jeff Goldblum,M
1443,Jeff Kahn,M
1444,Jeffrey Dean Morgan,M
1445,Jeffrey Donovan,M
1446,Jeffrey Jones,M
1447,Jeffrey Tambor,M
1448,Jeffrey Wright,M
1449,Jemaine Clement,M
1450,Jemma Redgrave,F
1451,Jena Malone,F
1452,Jenna Elfman,F
1453,Jenna Fischer,F
1454,Jenna Ortega,F
1455,Jennifer Aniston,F
1456,Jennifer Connelly,F
1457,Jennifer Coolidge,F
1458,Jennifer Ehle,F
1459,Jennifer Garner,F
1460,Jennifer Grey,F
1461,Jennifer Jason Leigh,F
1462,Jennifer Lawrence,F
1463,Jennifer Lien,F
1464,Jennifer Lopez,F
1465,Jennifer Morrison,F
1466,Jennifer Saunders,F
1467,Jennifer Tilly,F
1468,Jennifer Warren,F
1469,Jenny Agutter,F
1470,Jenny Slate,F
1471,Jeremy Allen White,M
1472,Jeremy Bobb,M
1473,Jeremy Davies,M
1474,Jeremy Irons,M
1475,Jeremy London,M
1476,Jeremy McWilliams,M
1477,Jeremy Piven,M
1478,Jeremy Renner,M
1479,Jeremy Sisto,M
1480,Jeremy Strong,M
1481,Jeremy Sumpter,M
1482,Jeroen Krabbé,M
1483,Jerry Nelson,M
1484,Jerry O'Connell,M
1485,Jerry Orbach,M
1486,Jess McLeod,F
1487,Jesse Bradford,M
1488,Jesse Corti,M
1489,Jesse Eisenberg,M
1490,Jesse Plemons,M
1491,Jessica Alba,F
1492,Jessica Barden,F
1493,Jessica Barth,F
1494,Jessica Chastain,F
1495,Jessica Clement,F
1496,Jessica Henwick,F
1497,Jessica Lange,F
1498,Jessica Lucas,F
1499,Jessica McNamee,F
1500,Jessica Sula,F
1501,Jessica Tandy,F
1502,Jessica Williams,F
1503,Jessie Buckley,F
1504,Jessie Royce Landis,F
1505,Jessie T. Usher,M
1506,Jet Li,M
1507,Jiannis Moustos,M
1508,Jihae,F
1509,Jill Larson,F
1510,Jill St. John,F
1511,Jillian Bell,F
1512,Jim Broadbent,M
1513,Jim Brown,M
1514,Jim Carrey,M
1515,Jim Caviezel,M
1516,Jim Sturgess,M
1517,Jim Varney,M
1518,Jimmy O. Yang,M
1519,Jimmy Tatro,M
1520,Jing Lusi,F
1521,Jing Wu,M
1522,JoBeth Williams,F
1523,Joan Allen,F
1524,Joan Cusack,F
1525,Joanna Cassidy,F
1526,Joanne Samuel,F
1527,Joanne Whalley,F
1528,Joaquim de Almeida,M
1529,Joaquin Phoenix,M
1530,Jodi Balfour,F
1531,Jodi Benson,F
1532,Jodie Comer,F
1533,Jodie Foster,F
1534,Joe Belcher,M
1535,Joe Don Baker,M
1536,Joe Manganiello,M
1537,Joe Morton,M
1538,Joe Pantoliano,M
1539,Joe Pesci,M
1540,Joe Taslim,M
1541,Joel Courtney,M
1542,Joel Edgerton,M
1543,Joel Fry,M
1544,Joel Kinnaman,M
1545,Joel McHale,M
1546,Joely Richardson,F
1547,Joey King,F
1548,Joey Lauren Adams,F
1549,Joey Travolta,M
1550,John Ashton,M
1551,John Belushi,M
1552,John Bigham,M
1553,John Boyega,M
1554,John Bradley,M
1555,John Burke,M
1556,John C. Reilly,M
1557,John Candy,M
1558,John Carroll Lynch,M
1559,John Cassavetes,M
1560,John Cazale,M
1561,John Cena,M
1562,John Cho,M
1563,John Cleese,M
1564,John Corbett,M
1565,John Cusack,M
1566,John David Washington,M
1567,John Doman,M
1568,John Fiedler,M
1569,John Forsythe,M
1570,John Francis Daley,M
1571,John Gallagher Jr.,M
1572,John Gavin,M
1573,John Getz,M
1574,John Gielgud,M
1575,John Glover,M
1576,John Goodman,M
1577,John Gumley-Mason,M
1578,John Hannah,M
1579,John Harlan Kim,M
1580,John Hawkes,M
1581,John Haycraft,M
1582,John Heard,M
1583,John Higgins,M
1584,John Hillerman,M
1585,John Hodgman,M
1586,John Hurt,M
1587,John Huston,M
1588,John Krasinski,M
1589,John Larroquette,M
1590,John Leguizamo,M
1591,John Lithgow,M
1592,John Louie,M
1593,John Mahoney,M
1594,John Malkovich,M
1595,John Marley,M
1596,John McCrea,M
1597,John Megna,M
1598,John Meillon,M
1599,John Michael Finley,M
1600,John Michael Higgins,M
1601,John Ortiz,M
1602,John Payne,M
1603,John Phillip Law,M
1604,John Randolph,M
1605,John Ratzenberger,M
1606,John Rhys-Davies,M
1607,John Ritter,M
1608,John Savage,M
1609,John Saxon,M
1610,John Sharian,M
1611,John Spencer,M
1612,John Stockwell,M
1613,John Travolta,M
1614,John Turturro,M
1615,Johnathon Schaech,M
1616,Johnny Depp,M
1617,Johnny Flynn,M
1618,Johnny Galecki,M
1619,Johnny Simmons,M
1620,Jojo T. Gibbs,M
1621,Jon Abrahams,M
1622,Jon Batiste,M
1623,Jon Bernthal,M
1624,Jon Bon Jovi,M
1625,Jon Daly,M
1626,Jon Favreau,M
1627,Jon Gries,M
1628,Jon Hamm,M
1629,Jon Heder,M
1630,Jon Lovitz,M
1631,Jon Stewart,M
1632,Jon Tenney,M
1633,Jon Voight,M
1634,Jonah Hauer-King,M
1635,Jonah Hill,M
1636,Jonah Ray,M
1637,Jonas Bloquet,M
1638,Jonas Karlsson,M
1639,Jonathan Banks,M
1640,Jonathan Bennett,M
1641,Jonathan Daniel Brown,M
1642,Jonathan Freeman,M
1643,Jonathan Groff,M
1644,Jonathan Hyde,M
1645,Jonathan Majors,M
1646,Jonathan Pryce,M
1647,Jonathan Roumie,M
1648,Jonny Brugh,M
1649,Jonny Lee Miller,M
1650,Jordan Chodziesner,M
1651,Jordan Nagai,M
1652,Jordana Brewster,F
1653,Jordi Mollà,M
1654,Jordyn McIntosh,F
1655,Jorge Lendeborg Jr.,M
1656,Jorma Tommila,M
1657,Josef Altin,M
1658,Josef Sommer,M
1659,Joseph Cali,M
1660,Joseph Cotten,M
1661,Joseph Cross,M
1662,Joseph Fiennes,M
1663,Joseph Gordon-Levitt,M
1664,Joseph Ruskin,M
1665,Joseph Schildkraut,M
1666,Joseph Wiseman,M
1667,Josephine Langford,F
1668,Josh Brolin,M
1669,Josh Charles,M
1670,Josh Duhamel,M
1671,Josh Gad,M
1672,Josh Hamilton,M
1673,Josh Hartnett,M
1674,Josh Hutcherson,M
1675,Josh Lawson,M
1676,Josh Lucas,M
1677,Josh O'Connor,M
1678,Josh Pais,M
1679,Josh Zuckerman,M
1680,Joshua Leonard,M
1681,Josiah Cross,M
1682,Joss Ackland,M
1683,Jovan Adepo,M
1684,Joy Boushel,F
1685,Juan Pablo Raba,M
1686,Juan Saavedra,M
1687,Judah Lewis,M
1688,Judd Hirsch,M
1689,Judd Nelson,M
1690,Jude Hill,M
1691,Jude Law,M
1692,Judge Reinhold,M
1693,Judi Dench,F
1694,Judith Hoag,F
1695,Judy Davis,F
1696,Judy Garland,F
1697,Judy Geeson,F
1698,Judy Greer,F
1699,Juhan Ulfsak,M
1700,Julia Duffy,F
1701,Julia Foster,F
1702,Julia Fox,F
1703,Julia Garner,F
1704,Julia Greer,F
1705,Julia Louis-Dreyfus,F
1706,Julia Ormond,F
1707,Julia Roberts,F
1708,Julia Sawalha,F
1709,Julia Stiles,F
1710,Julian Dennison,M
1711,Julian Glover,M
1712,Julian Richings,M
1713,Julian Sands,M
1714,Julianna Layne,F
1715,Julianne Moore,F
1716,Julianne Nicholson,F
1717,Julie Andrews,F
1718,Julie Bowen,F
1719,Julie Christie,F
1720,Julie Delpy,F
1721,Julie Hagerty,F
1722,Julie Vollono,F
1723,Julie Walters,F
1724,Juliet Rylance,F
1725,Juliette Binoche,F
1726,Juliette Lewis,F
1727,Julio Cesar Cedillo,M
1728,June Diane Raphael,F
1729,June Squibb,F
1730,Juno Temple,F
1731,Jurnee Smollett,F
1732,Justice Smith,M
1733,Justin Bartha,M
1734,Justin Hartley,M
1735,Justin Henry,M
1736,Justin Long,M
1737,Justin Sams,M
1738,Justin Theroux,M
1739,Justin Timberlake,M
1740,Jürgen Prochnow,M
1741,Kagiso Kuypers,M
1742,Kaimana,M
1743,Kaitlin Olson,F
1744,Kaitlyn Dever,F
1745,Kal Penn,M
1746,Kamand Shafieisabet,F
1747,Kara Hayward,F
1748,Kareem Abdul-Jabbar,M
1749,Karen Allen,F
1750,Karen Gillan,F
1751,Karen Lynn Gorney,F
1752,Karin Konoval,F
1753,Karina Arroyave,F
1754,Karina Smulders,F
1755,Karl Glusman,M
1756,Karl Urban,M
1757,Kat Dennings,F
1758,Kat Graham,F
1759,Kate Ashfield,F
1760,Kate Beckinsale,F
1761,Kate Capshaw,F
1762,Kate Dickie,F
1763,Kate Hudson,F
1764,Kate Mara,F
1765,Kate McKinnon,F
1766,Kate Winslet,F
1767,Katee Sackhoff,F
1768,Katharine Ross,F
1769,Katherine Heigl,F
1770,Katherine Helmond,F
1771,Katherine Waterston,F
1772,Katheryn Winnick,F
1773,Kathie Young,F
1774,Kathleen Lockhart,F
1775,Kathleen Quinlan,F
1776,Kathleen Turner,F
1777,Kathryn Hahn,F
1778,Kathryn Newton,F
1779,Kathy Baker,F
1780,Kathy Bates,F
1781,Kathy Najimy,F
1782,Katie Aselton,F
1783,Katie Cassidy,F
1784,Katie Holmes,F
1785,Katrina Nare,F
1786,Kaya Scodelario,F
1787,Ke Huy Quan,M
1788,Keanu Reeves,M
1789,Keegan-Michael Key,M
1790,Keenan Wynn,M
1791,Keir Dullea,M
1792,Keir Gilchrist,M
1793,Keira Knightley,F
1794,Keisha Castle-Hughes,F
1795,Keith Carradine,M
1796,Keith Coogan,M
1797,Keith David,M
1798,Keith Gordon,M
1799,Keke Palmer,F
1800,Kel Mitchell,M
1801,Kelley,F
1802,Kelly LeBrock,F
1803,Kelly Lynch,F
1804,Kelly Macdonald,F
1805,Kelly Marie Tran,F
1806,Kelly McGillis,F
1807,Kelly Preston,F
1808,Kelly Reilly,F
1809,Kelly Van der Burg,F
1810,Kelsey Asbille,F
1811,Kelsey Grammer,M
1812,Ken Jeong,M
1813,Ken Leung,M
1814,Ken Stott,M
1815,Ken Watanabe,M
1816,Kenan Thompson,M
1817,Kendle Coffey,F
1818,Kendrick Lamar,M
1819,Kendrick Sampson,M
1820,Kenneth Branagh,M
1821,Kenneth Mars,M
1822,Kenneth More,M
1823,Keri Russell,F
1824,Kerr Smith,M
1825,Kerry Condon,F
1826,Kerry Washington,F
1827,Kevin Bacon,M
1828,Kevin Chamberlin,M
1829,Kevin Costner,M
1830,Kevin Dillon,M
1831,Kevin Hart,M
1832,Kevin Jamal Woods,M
1833,Kevin James,M
1834,Kevin Kline,M
1835,Kevin McKidd,M
1836,Kevin Nealon,M
1837,Kevin Peter Hall,M
1838,Kevin Spacey,M
1839,Kevin Zegers,M
1840,Khadijha Red Thunder,F
1841,Khris Davis,M
1842,Ki Hong Lee,M
1843,KiKi Layne,F
1844,Kid Cudi,M
1845,Kiefer Sutherland,M
1846,Kiera Allen,F
1847,Kieran Culkin,M
1848,Kieran Hodgson,M
1849,Kieran Mulroney,M
1850,Kieran O'Brien,M
1851,Kiernan Shipka,F
1852,Kim Basinger,F
1853,Kim Cattrall,F
1854,Kim Darby,F
1855,Kim Dickens,F
1856,Kim Greist,F
1857,Kim Hunter,F
1858,Kim Novak,F
1859,Kimberly Cheng,F
1860,Kimberly Stringer,F
1861,Kimberly Williams-Paisley,F
1862,Kingsley Ben-Adir,M
1863,Kirk Acevedo,M
1864,Kirk Douglas,M
1865,Kirsten Dunst,F
1866,Kit Erhart-Bruce,M
1867,Kit Young,M
1868,Klara Kristin,F
1869,Klaus Maria Brandauer,M
1870,Kodi Smit-McPhee,M
1871,Kris Kristofferson,M
1872,Kristanna Loken,F
1873,Kristen Bell,F
1874,Kristen Cloke,F
1875,Kristen Connolly,F
1876,Kristen Stewart,F
1877,Kristen Wiig,F
1878,Kristin Chenoweth,F
1879,Kristin Davis,F
1880,Kristin Scott Thomas,F
1881,Kriszta Dorogi,F
1882,Krystle Martin,F
1883,Kurt Fuller,M
1884,Kurt Russell,M
1885,Kyle Allen,M
1886,Kyle Chandler,M
1887,Kyle Gallner,M
1888,Kyle MacLachlan,M
1889,Kyliegh Curran,F
1890,Kyra Sedgwick,F
1891,LL Cool J,M
1892,LaKeith Stanfield,M
1893,Lacey Chabert,F
1894,Lady Gaga,F
1895,Lafortune Joseph,M
1896,Lake Bell,F
1897,Lana Wood,F
1898,Lance Reddick,M
1899,Lane Smith,M
1900,Lara Flynn Boyle,F
1901,Lara Peake,F
1902,Lari White,F
1903,Larisa Oleynik,F
1904,Larry the Cable Guy,M
1905,Lashana Lynch,F
1906,Laura Benanti,F
1907,Laura Dern,F
1908,Laura Haddock,F
1909,Laura Harrier,F
1910,Laura Harring,F
1911,Laura Linney,F
1912,Laura Ramsey,F
1913,Laura San Giacomo,F
1914,Lauren Bacall,F
1915,Lauren Graham,F
1916,Lauren Holly,F
1917,Lauren L. Murray,F
1918,Lauren LaVera,F
1919,Lauren London,F
1920,Lauren Ridloff,F
1921,Laurence Fishburne,M
1922,Laurence Olivier,M
1923,Laurie Holden,F
1924,Laurie Metcalf,F
1925,Lawrence Gilliard Jr.,M
1926,Layla Mohammadi,F
1927,Lea Thompson,F
1928,Leah Lewis,F
1929,Lee Evans,M
1930,Lee J. Cobb,M
1931,Lee Marvin,M
1932,Lee Ross,M
1933,Lee Tergesen,M
1934,Lee Van Cleef,M
1935,Leigh Whannell,M
1936,Leighton Meester,F
1937,Leland Orser,M
1938,Lena Headey,F
1939,Lena Olin,F
1940,Lena Waithe,F
1941,Leo Burmester,M
1942,Leo McKern,M
1943,Leonard Frey,M
1944,Leonard Nimoy,M
1945,Leonardo Cimino,M
1946,Leonardo DiCaprio,M
1947,Les Mabaleka,M
1948,Lesley Ann Warren,F
1949,Lesley Manville,F
1950,Lesley Nicol,F
1951,Leslie Bibb,F
1952,Leslie Easterbrook,F
1953,Leslie Mann,F
1954,Leslie Nielsen,M
1955,Leslie Odom Jr.,M
1956,Leslie Zemeckis,F
1957,Letitia Wright,F
1958,Levi Davis,M
1959,Levi Miller,M
1960,Lewis Black,M
1961,Lewis McAskie,M
1962,Lewis Tan,M
1963,Lia McHugh,F
1964,Liam Aiken,M
1965,Liam Cunningham,M
1966,Liam Hemsworth,M
1967,Liam Neeson,M
1968,Liam Woon,M
1969,Liev Schreiber,M
1970,Lil Rel Howery,M
1971,Lili Sepe,F
1972,Lili Taylor,F
1973,Lillian Gish,F
1974,Lillo Brancato,M
1975,Lilly Aspell,F
1976,Lilou Siauvaud,F
1977,Lily Bird,F
1978,Lily Collins,F
1979,Lily Donoghue,F
1980,Lily Fisher,F
1981,Lily Gladstone,F
1982,Lily James,F
1983,Lily Sullivan,F
1984,Lilyan Chauvin,F
1985,Lin Shaye,F
1986,Lin-Manuel Miranda,M
1987,Linda Blair,F
1988,Linda Cardellini,F
1989,Linda Fiorentino,F
1990,Linda Hamilton,F
1991,Linda Kozlowski,F
1992,Linda Larkin,F
1993,Linda May,F
1994,Lindsay Duncan,F
1995,Lindsay Lohan,F
1996,Linh-Dan Pham,F
1997,Linus Roache,M
1998,Lionel Barrymore,M
1999,Lisa Bonet,F
2000,Lisa Boyle,F
2001,Lisa Eilbacher,F
2002,Lisa Thoreson,F
2003,Lisanne Falk,F
2004,Liv Hewson,F
2005,Liv Tyler,F
2006,Lizzy Caplan,F
2007,Lloyd Avery II,M
2008,Lochlyn Munro,M
2009,Logan Hawkes,M
2010,Logan Lerman,M
2011,Logan Marshall-Green,M
2012,Lois Chiles,F
2013,Lola Campbell,F
2014,Lora Martinez-Cunningham,F
2015,Lorenza Izzo,F
2016,Loretta Young,F
2017,Lori Petty,F
2018,Lori Singer,F
2019,Lorna Raver,F
2020,Lorraine Bracco,F
2021,Lorraine Gary,F
2022,Lou Diamond Phillips,M
2023,Lou Romano,M
2024,Louis Cato,M
2025,Louis Garrel,M
2026,Louis Mandylor,M
2027,Louise Fletcher,F
2028,Louise Lasser,F
2029,Louise Lombard,F
2030,Lucas Black,M
2031,Lucas Hedges,M
2032,Lucas Paul,M
2033,Lucille Bremer,F
2034,Lucy Boynton,F
2035,Lucy Davis,F
2036,Lucy Hale,F
2037,Lucy Liu,F
2038,Lucy Miller,F
2039,Lucy Paez,F
2040,Lucy Punch,F
2041,Lucy Walters,F
2042,Luis Guzmán,M
2043,Lukas Haas,M
2044,Luke Bracey,M
2045,Luke Evans,M
2046,Luke Macfarlane,M
2047,Luke Wilson,M
2048,Lulu Wilson,F
2049,Luna Lauren Velez,F
2050,Lupita Nyong'o,F
2051,Lydia Wilson,F
2052,Lynn Collins,F
2053,Lynn Ferguson,F
2054,Lynn Redgrave,F
2055,Lynn-Holly Johnson,F
2056,Lynsey Taylor Mackay,F
2057,Lyon Daniels,M
2058,Léa Seydoux,F
2059,M. Emmet Walsh,M
2060,Macaulay Culkin,M
2061,Mackenyu,M
2062,Mackenzie Davis,F
2063,Mackenzie Foy,F
2064,Maddie Hasson,F
2065,Maddie Ziegler,F
2066,Madeleine McGraw,F
2067,Madeleine Stowe,F
2068,Madeleine West,F
2069,Madeleine Yuna Voyles,F
2070,Madeline Carroll,F
2071,Madeline Kahn,F
2072,Madison Gaughan,F
2073,Madison Ingoldsby,F
2074,Madison Iseman,F
2075,Madison Wolfe,F
2076,Mads Mikkelsen,M
2077,Maggie Grace,F
2078,Maggie Gyllenhaal,F
2079,Maggie Q,F
2080,Maggie Smith,F
2081,Mahershala Ali,M
2082,Maia Brewton,F
2083,Maika Monroe,F
2084,Maitland Ward,F
2085,Malcolm Cumming,M
2086,Malcolm McDowell,M
2087,Malgorzata Bela,F
2088,Malin Akerman,F
2089,Maluma,M
2090,Mamoudou Athie,M
2091,Mandy Moore,F
2092,Mandy Patinkin,M
2093,Manuel Garcia-Rulfo,M
2094,Mara Huf,F
2095,Mara Wilson,F
2096,Marc Maron,M
2097,Marcella Plunkett,F
2098,Marchánt Davis,M
2099,Marcia Gay Harden,F
2100,Marcus Hondro,M
2101,Margaret Avery,F
2102,Margaret O'Brien,F
2103,Margaret Qualley,F
2104,Margaret Sullavan,F
2105,Margit Carstensen,F
2106,Margo Stilley,F
2107,Margot Kidder,F
2108,Margot Robbie,F
2109,Maria Bakalova,F
2110,Maria Bello,F
2111,Maria Conchita Alonso,F
2112,Maria Michi,F
2113,Maria Pitillo,F
2114,Maria Schneider,F
2115,Maria Taylor,F
2116,Mariana Treviño,F
2117,Marianna Hill,F
2118,Marianne Jean-Baptiste,F
2119,Marie Wagenman,F
2120,Marie-Josée Croze,F
2121,Marilyn Burns,F
2122,Marilyn Monroe,F
2123,Mario Zuniga Benavides,M
2124,Marion Cotillard,F
2125,Marisa Berenson,F
2126,Marisa Tomei,F
2127,Marjorie Reynolds,F
2128,Mark Addy,M
2129,Mark Barrett,M
2130,Mark Boone Junior,M
2131,Mark Gatiss,M
2132,Mark Hamill,M
2133,Mark Herrier,M
2134,Mark O'Brien,M
2135,Mark Ruffalo,M
2136,Mark Rylance,M
2137,Mark Schrier,M
2138,Mark Strong,M
2139,Mark Wahlberg,M
2140,Mark Webber,M
2141,Marlene Dietrich,F
2142,Marlon Brando,M
2143,Marlon Wayans,M
2144,Martin Balsam,M
2145,Martin Donovan,M
2146,Martin Freeman,M
2147,Martin Hancock,M
2148,Martin Henderson,M
2149,Martin Herlihy,M
2150,Martin Kove,M
2151,Martin Lawrence,M
2152,Martin Sheen,M
2153,Martin Short,M
2154,Martin Stringer,M
2155,Martine McCutcheon,F
2156,Marton Csokas,M
2157,Marty Feldman,M
2158,Marwan Kenzari,M
2159,Mary Astor,F
2160,Mary Elizabeth Mastrantonio,F
2161,Mary Elizabeth Winstead,F
2162,Mary Gibbs,F
2163,Mary McCormack,F
2164,Mary McDonnell,F
2165,Mary Steenburgen,F
2166,Mary Stuart Masterson,F
2167,Mary-Louise Parker,F
2168,Maryam d'Abo,F
2169,María Cecilia Botero,F
2170,Mason Gooding,M
2171,Mason Thames,M
2172,Mathieu Amalric,M
2173,Mathilda May,F
2174,Matt Bomer,M
2175,Matt Cook,M
2176,Matt Damon,M
2177,Matt Dillon,M
2178,Matt Helm,M
2179,Matt Johnson,M
2180,Matt Jones,M
2181,Matt Long,M
2182,Matt Smith,M
2183,Matt Stokoe,M
2184,Matt Walsh,M
2185,Matthew Broderick,M
2186,Matthew Davis,M
2187,Matthew Duckett,M
2188,Matthew Fox,M
2189,Matthew Goode,M
2190,Matthew Lillard,M
2191,Matthew Macfadyen,M
2192,Matthew McConaughey,M
2193,Matthew Modine,M
2194,Matthew Patrick Davis,M
2195,Matthew Perry,M
2196,Matthew Sunderland,M
2197,Matthias Schoenaerts,M
2198,Matthias Schweighöfer,M
2199,Maud Adams,F
2200,Maude Apatow,F
2201,Maura Tierney,F
2202,Maureen O'Hara,F
2203,Maurice Evans,M
2204,Mauro Castillo,M
2205,Maury Sterling,M
2206,Max Burkholder,M
2207,Max Phipps,M
2208,Max von Sydow,M
2209,Maya Rudolph,F
2210,Mayko Nguyen,F
2211,McKaley Miller,F
2212,Mckenna Grace,F
2213,Meat Loaf,M
2214,Meg Foster,F
2215,Meg Ryan,F
2216,Megan Fox,F
2217,Megan Suri,F
2218,Mekhi Phifer,M
2219,Mel Brooks,M
2220,Mel Gibson,M
2221,Melanie Griffith,F
2222,Melanie Hyams,F
2223,Melanie Vallejo,F
2224,Melinda Dillon,F
2225,Melissa Barrera,F
2226,Melissa Benoist,F
2227,Melissa Leo,F
2228,Melissa McCarthy,F
2229,Melody Anderson,F
2230,Melora Hardin,F
2231,Melora Walters,F
2232,Mena Massoud,M
2233,Mena Suvari,F
2234,Merab Ninidze,M
2235,Meryl Streep,F
2236,Mesfin Lamengo,M
2237,Mette Narrative,F
2238,Mia Farrow,F
2239,Mia Goth,F
2240,Mia McKenna-Bruce,F
2241,Mia Sara,F
2242,Mia Wasikowska,F
2243,Micah Abbey,M
2244,Michael Angarano,M
2245,Michael B. Jordan,M
2246,Michael Bates,M
2247,Michael Beck,M
2248,Michael Berryman,M
2249,Michael Biehn,M
2250,Michael C. Williams,M
2251,Michael Caine,M
2252,Michael Cera,M
2253,Michael Clarke Duncan,M
2254,Michael Constantine,M
2255,Michael Douglas,M
2256,Michael Eklund,M
2257,Michael Fassbender,M
2258,Michael Fox,M
2259,Michael Gambon,M
2260,Michael Ironside,M
2261,Michael J. Fox,M
2262,Michael J. Pollard,M
2263,Michael Jai White,M
2264,Michael Jeter,M
2265,Michael Keaton,M
2266,Michael Kelly,M
2267,Michael Kenneth Williams,M
2268,Michael Lonsdale,M
2269,Michael Madsen,M
2270,Michael Mantell,M
2271,Michael McElhatton,M
2272,Michael McKean,M
2273,Michael Moriarty,M
2274,Michael Nyqvist,M
2275,Michael Ontkean,M
2276,Michael Palin,M
2277,Michael Parks,M
2278,Michael Peña,M
2279,Michael Pitt,M
2280,Michael Preston,M
2281,Michael Rooker,M
2282,Michael Schoeffling,M
2283,Michael Shannon,M
2284,Michael Sheen,M
2285,Michael Stuhlbarg,M
2286,Michael Taliferro,M
2287,Michael Urie,M
2288,Michael Wincott,M
2289,Michael York,M
2290,Michelle Dockery,F
2291,Michelle Monaghan,F
2292,Michelle Nolden,F
2293,Michelle Pfeiffer,F
2294,Michelle Rodriguez,F
2295,Michelle Ryan,F
2296,Michelle Trachtenberg,F
2297,Michelle Williams,F
2298,Michelle Yeoh,F
2299,Micheál Neeson,M
2300,Michiel Huisman,M
2301,Michole Briana White,F
2302,Mickey Rourke,M
2303,Miguel Ferrer,M
2304,Mike Colter,M
2305,Mike Moh,M
2306,Mike Myers,M
2307,Mike Starr,M
2308,Mike Vitar,M
2309,Mike Vogel,M
2310,Mike White,M
2311,Mila Kunis,F
2312,Miles Barrow,M
2313,Miles Teller,M
2314,Milla Jovovich,F
2315,Millicent Martin,F
2316,Millicent Simmonds,F
2317,Millie Bobby Brown,F
2318,Milly Shapiro,F
2319,Milo O'Shea,M
2320,Milo Ventimiglia,M
2321,Mimi Rogers,F
2322,Mimosa Willamo,F
2323,Mindy Kaling,F
2324,Ming-Na Wen,F
2325,Minnie Driver,F
2326,Mira Sorvino,F
2327,Mirabai Pease,F
2328,Miranda Otto,F
2329,Miranda Richardson,F
2330,Mireille Enos,F
2331,Miriam Margolyes,F
2332,Miriam Shor,F
2333,Mitchell LaFortune,M
2334,Mitchell Ryan,M
2335,Mitchell Whitfield,M
2336,Miyavi,M
2337,Mohana Krishnan,F
2338,Moisés Acevedo,M
2339,Molly Evensen,F
2340,Molly Gordon,F
2341,Molly McCann,F
2342,Molly Picon,F
2343,Molly Ringwald,F
2344,Molly Shannon,F
2345,Mongo Brownlee,M
2346,Monica Bellucci,F
2347,Montgomery Clift,M
2348,Monty Woolley,M
2349,Moon Bloodgood,F
2350,Morena Baccarin,F
2351,Morgan Freeman,M
2352,Morgan Lily,F
2353,Morten Burian,M
2354,Murray McArthur,M
2355,Myha'la,F
2356,Mélanie Laurent,F
2357,N'Bushe Wright,F
2358,Nadine Velazquez,F
2359,Nancy Allen,F
2360,Nancy Kyes,F
2361,Nancy Sorel,F
2362,Naomi Scott,F
2363,Naomi Watts,F
2364,Naomie Harris,F
2365,Nastassja Kinski,F
2366,Nat Wolff,M
2367,Natalia Reyes,F
2368,Natalie Alyn Lind,F
2369,Natalie Dormer,F
2370,Natalie Krill,F
2371,Natalie Mendoza,F
2372,Natalie Mitson,F
2373,Natalie Portman,F
2374,Natalie Wood,F
2375,Natasha Henstridge,F
2376,Natasha Liu Bordizzo,F
2377,Natasha Richardson,F
2378,Natasha Rose Mills,F
2379,Nathalie Boltt,F
2380,Nathalie Emmanuel,F
2381,Nathan Fillion,M
2382,Nathan Lane,M
2383,Nathan Stewart-Jarrett,M
2384,Nati Abascal,F
2385,Nazanin Boniadi,F
2386,Neal McDonough,M
2387,Ned Beatty,M
2388,Ned Dennehy,M
2389,Neel Sethi,M
2390,Neeru Bajwa,F
2391,Neil Brown Jr.,M
2392,Neil Patrick Harris,M
2393,Neve Campbell,F
2394,Nia Long,F
2395,Nia Vardalos,F
2396,Nicholas Braun,M
2397,Nicholas Brendon,M
2398,Nicholas Clay,M
2399,Nicholas Downs,M
2400,Nicholas Galitzine,M
2401,Nicholas Hoult,M
2402,Nick Frost,M
2403,Nick Moran,M
2404,Nick Nolte,M
2405,Nick Offerman,M
2406,Nick Stahl,M
2407,Nicola Peltz Beckham,F
2408,Nicolas Cage,M
2409,Nicolas Cantu,M
2410,Nicole Ari Parker,F
2411,Nicole Kidman,F
2412,Niecy Nash,F
2413,Nigel Havers,M
2414,Nigel Hawthorne,M
2415,Nigel Terry,M
2416,Nika King,F
2417,Nikki Amuka-Bird,F
2418,Nikki Reed,F
2419,Nikolai Leon,M
2420,Nikolaj Coster-Waldau,M
2421,Niles Fitch,M
2422,Nina Dobrev,F
2423,Nina Hoss,F
2424,Niousha Noor,F
2425,Noah Centineo,M
2426,Noah Emmerich,M
2427,Noah Galvin,M
2428,Noah Hathaway,M
2429,Noah Taylor,M
2430,Noel Fisher,M
2431,Noelle Parker,F
2432,Noma Dumezweni,F
2433,Noomi Rapace,F
2434,Norma Crane,F
2435,Norman Reedus,M
2436,Noémie Merlant,F
2437,O'Shea Jackson Jr.,M
2438,Oaklee Pendergast,M
2439,Oakley Bull,M
2440,Octavia Spencer,F
2441,Odessa A'zion,F
2442,Odessa Rae,F
2443,Odeya Rush,F
2444,Olga Kurylenko,F
2445,Oliver Clark,M
2446,Oliver Cooper,M
2447,Oliver Hudson,M
2448,Oliver Jackson-Cohen,M
2449,Oliver Platt,M
2450,Oliver Reed,M
2451,Olivia Brody,F
2452,Olivia Colman,F
2453,Olivia Cooke,F
2454,Olivia DeJonge,F
2455,Olivia Holt,F
2456,Olivia Hussey,F
2457,Olivia Luccardi,F
2458,Olivia Munn,F
2459,Olivia Newton-John,F
2460,Olivia Scott Welch,F
2461,Olivia Thirlby,F
2462,Olivia Wilde,F
2463,Olivia Williams,F
2464,Olivier Martinez,M
2465,Olympia Dukakis,F
2466,Omar Sharif,M
2467,Omar Sy,M
2468,Omari Hardwick,M
2469,Oona Laurence,F
2470,Ophelia Lovibond,F
2471,Oprah Winfrey,F
2472,Orla Brady,F
2473,Orlando Bloom,M
2474,Orlando Jones,M
2475,Orson Bean,M
2476,Orson Welles,M
2477,Orto Ignatiussen,M
2478,Orén Kinlan,M
2479,Oscar Isaac,M
2480,Oscar Kightley,M
2481,Oscar Pearce,M
2482,Owen Teague,M
2483,Owen Wilson,M
2484,Paapa Essiedu,M
2485,Pablo Schreiber,M
2486,Paige O'Hara,F
2487,Pam Arlund,F
2488,Pam Grier,F
2489,Paolo Bonacelli,M
2490,Parker Posey,F
2491,Pat Healy,M
2492,Pat Hingle,M
2493,Pat Morita,M
2494,Pat Shortt,M
2495,Patcharawan Patarakijjanon,F
2496,Patricia Arquette,F
2497,Patricia Clarkson,F
2498,Patricia Neal,F
2499,Patrick Bergin,M
2500,Patrick Dempsey,M
2501,Patrick Fugit,M
2502,Patrick Joseph Byrnes,M
2503,Patrick Magee,M
2504,Patrick McGoohan,M
2505,Patrick Page,M
2506,Patrick Renna,M
2507,Patrick Stewart,M
2508,Patrick Swayze,M
2509,Patrick Warburton,M
2510,Patrick Wilson,M
2511,Patti LuPone,F
2512,Patton Oswalt,M
2513,Paul A. Partain,M
2514,Paul Anderson,M
2515,Paul Bates,M
2516,Paul Ben-Victor,M
2517,Paul Bettany,M
2518,Paul Dano,M
2519,Paul Freeman,M
2520,Paul G. Raymond,M
2521,Paul Giamatti,M
2522,Paul Henreid,M
2523,Paul Hogan,M
2524,Paul Le Mat,M
2525,Paul McGann,M
2526,Paul Mescal,M
2527,Paul Newman,M
2528,Paul Raci,M
2529,Paul Reiser,M
2530,Paul Rudd,M
2531,Paul Sanchez,M
2532,Paul Walker,M
2533,Paul Walter Hauser,M
2534,Paul Winfield,M
2535,Paula Patton,F
2536,Paulo Costanzo,M
2537,Pearl Chanda,F
2538,Pedro Pascal,M
2539,Penelope Allen,F
2540,Penn Badgley,M
2541,Penélope Cruz,F
2542,Perdita Weeks,F
2543,Perry Lopez,M
2544,Pete Davidson,M
2545,Pete Postlethwaite,M
2546,Peter Billingsley,M
2547,Peter Boyle,M
2548,Peter Brocco,M
2549,Peter Coyote,M
2550,Peter Dinklage,M
2551,Peter Facinelli,M
2552,Peter Finch,M
2553,Peter Firth,M
2554,Peter Gallagher,M
2555,Peter Greene,M
2556,Peter Guinness,M
2557,Peter MacNicol,M
2558,Peter McRobbie,M
2559,Peter O'Toole,M
2560,Peter Ostrum,M
2561,Peter Riegert,M
2562,Peter Sarsgaard,M
2563,Peter Sellers,M
2564,Peter Stormare,M
2565,Peter Weller,M
2566,Pharrell Williams,M
2567,Phil Daniels,M
2568,Phil Hartman,M
2569,Philemon Chambers,M
2570,Philip Baker Hall,M
2571,Philip Seymour Hoffman,M
2572,Phillipa Soo,F
2573,Phoebe Cates,F
2574,Phoebe Dynevor,F
2575,Phoebe Waller-Bridge,F
2576,Phylicia Rashad,F
2577,Phyllis Logan,F
2578,Pierce Brosnan,M
2579,Pilou Asbæk,M
2580,Piper Laurie,F
2581,Piper Perabo,F
2582,Piper Rubio,F
2583,Pom Klementieff,F
2584,Portia Doubleday,F
2585,Priyanka Chopra Jonas,F
2586,Queen Latifah,F
2587,Quentin Tarantino,M
2588,Quintessa Swindell,F
2589,Quinton Aaron,M
2590,R. Lee Ermey,M
2591,Rachael Blake,F
2592,Rachael Harris,F
2593,Rachael Leigh Cook,F
2594,Rachel Bloom,F
2595,Rachel Brosnahan,F
2596,Rachel Griffiths,F
2597,Rachel House,F
2598,Rachel Keller,F
2599,Rachel Korine,F
2600,Rachel McAdams,F
2601,Rachel Sennott,F
2602,Rachel Ticotin,F
2603,Rachel True,F
2604,Rachel Weisz,F
2605,Rachel Wood,F
2606,Rachel Zegler,F
2607,Radha Mitchell,F
2608,Rae Dawn Chong,F
2609,Rafe Spall,M
2610,Raffey Cassidy,F
2611,Rainn Wilson,M
2612,Ralph Bellamy,M
2613,Ralph Fiennes,M
2614,Ralph Ineson,M
2615,Ralph Macchio,M
2616,Rami Malek,M
2617,Ramy Youssef,M
2618,Randall Park,M
2619,Randy Quaid,M
2620,Rashida Jones,F
2621,Raul Julia,M
2622,Ray Bolger,M
2623,Ray Liotta,M
2624,Ray Milland,M
2625,Ray Nicholson,M
2626,Ray Panthaki,M
2627,Ray Romano,M
2628,Ray Stevenson,M
2629,Ray Walston,M
2630,Rebecca Ferguson,F
2631,Rebecca Hall,F
2632,Rebel Wilson,F
2633,Reese Witherspoon,F
2634,Regina King,F
2635,Reginald Gardiner,M
2636,Reginald Owen,M
2637,Reginald VelJohnson,M
2638,Regé-Jean Page,M
2639,Rene Auberjonois,M
2640,Rene Russo,F
2641,Renée Elise Goldsberry,F
2642,Renée Zellweger,F
2643,Retta,F
2644,Rex Everhart,M
2645,Rhea Perlman,F
2646,Rhona Mitra,F
2647,Rhys Ifans,M
2648,Ric Reitz,M
2649,Riccardo Scamarcio,M
2650,Rich Sommer,M
2651,Richard Aaron Anderson,M
2652,Richard Armitage,M
2653,Richard Attenborough,M
2654,Richard B. Shull,M
2655,Richard Beymer,M
2656,Richard Bohringer,M
2657,Richard Crenna,M
2658,Richard Crouchley,M
2659,Richard DeManincor,M
2660,Richard Dreyfuss,M
2661,Richard Dysart,M
2662,Richard E. Grant,M
2663,Richard Farnsworth,M
2664,Richard Gere,M
2665,Richard Griffiths,M
2666,Richard Harris,M
2667,Richard Haydn,M
2668,Richard Jenkins,M
2669,Richard Kiel,M
2670,Richard Lewis,M
2671,Richard Madden,M
2672,Richard Masur,M
2673,Richard McCabe,M
2674,Richard O'Brien,M
2675,Richard Philipps,M
2676,Richard Roxburgh,M
2677,Rick Moranis,M
2678,Rick Yune,M
2679,Ricky Gervais,M
2680,Rihanna,F
2681,Rila Fukushima,F
2682,Riley Dandy,F
2683,Riley Keough,F
2684,Rinko Kikuchi,F
2685,Rip Torn,M
2686,Rita Karin,F
2687,Rita Wilson,F
2688,Ritu Arya,F
2689,River Drosche,M
2690,River Phoenix,M
2691,Riz Ahmed,M
2692,Rob Archer,M
2693,Rob Corddry,M
2694,Rob Delaney,M
2695,Rob Lowe,M
2696,Rob Reiner,M
2697,Rob Schneider,M
2698,Robby Benson,M
2699,Robert Brian Wilson,M
2700,Robert Capron,M
2701,Robert Carlyle,M
2702,Robert Davi,M
2703,Robert De Niro,M
2704,Robert Downey Jr.,M
2705,Robert Duvall,M
2706,Robert Englund,M
2707,Robert Forster,M
2708,Robert Hays,M
2709,Robert J. Steinmiller Jr.,M
2710,Robert James-Collier,M
2711,Robert Klein,M
2712,Robert Knepper,M
2713,Robert Levon Been,M
2714,Robert Loggia,M
2715,Robert Mitchum,M
2716,Robert Patrick,M
2717,Robert Pattinson,M
2718,Robert Prosky,M
2719,Robert Redford,M
2720,Robert Romanus,M
2721,Robert Sean Leonard,M
2722,Robert Shaw,M
2723,Robert Sheehan,M
2724,Robert Wuhl,M
2725,Roberta Maxwell,F
2726,Robin Tunney,F
2727,Robin Weigert,F
2728,Robin Williams,M
2729,Robin Wright,F
2730,Rocci Boy Williams,M
2731,Rochelle Davis,F
2732,Rod Steiger,M
2733,Roddy McDowall,M
2734,Roddy Piper,M
2735,Rodney A. Grant,M
2736,Rodney Dangerfield,M
2737,Rodrigo Santoro,M
2738,Roger Dale Floyd,M
2739,Roger Moore,M
2740,Roger Rees,M
2741,Roger Wilson,M
2742,Roman Griffin Davis,M
2743,Romola Garai,F
2744,Ron Glass,M
2745,Ron Howard,M
2746,Ron Lester,M
2747,Ron Livingston,M
2748,Ron Perlman,M
2749,Ronee Blakley,F
2750,Ronnie Del Carmen,M
2751,Ronny Chieng,M
2752,Ronny Cox,M
2753,Rooney Mara,F
2754,Rory Cochrane,M
2755,Rory Culkin,M
2756,Rory J Saper,M
2757,Rory Kinnear,M
2758,Rosa Salazar,F
2759,Rosalie Chiang,F
2760,Rosamund Pike,F
2761,Rosanna Arquette,F
2762,Rosario Dawson,F
2763,Rose Byrne,F
2764,Rose McGowan,F
2765,Rosemarie DeWitt,F
2766,Rosemary Clooney,F
2767,Rosemary Murphy,F
2768,Rosie Perez,F
2769,Rosie Shaw,F
2770,Ross Malinger,M
2771,Ross Paul,M
2772,Roxanne Hart,F
2773,Roy Dotrice,M
2774,Roy Kinnear,M
2775,Roy Scheider,M
2776,Roy Wood Jr.,M
2777,Ruby Cruz,F
2778,Ruby O. Fee,F
2779,Ruby Rose,F
2780,Rudhraksh Jaiswal,M
2781,Rufus Sewell,M
2782,Rupert Everett,M
2783,Rupert Graves,M
2784,Rupert Grint,M
2785,Russ Tamblyn,M
2786,Russell Bobbitt,M
2787,Russell Brand,M
2788,Russell Crowe,M
2789,Russell Means,M
2790,Rutger Hauer,M
2791,Ruth Gordon,F
2792,Ruth Livier,F
2793,Ruth Negga,F
2794,Ryan Gosling,M
2795,Ryan Hurst,M
2796,Ryan McCluskey,M
2797,Ryan O'Neal,M
2798,Ryan Phillippe,M
2799,Ryan Potter,M
2800,Ryan Reynolds,M
2801,Ryder Allen,M
2802,Ryder Lerum,M
2803,Sabrina Wu,F
2804,Sacha Baron Cohen,M
2805,Sadie Sandler,F
2806,Sadie Sink,F
2807,Sadie Soverall,F
2808,Sadie Stanley,F
2809,Salli Richardson-Whitfield,F
2810,Sally Field,F
2811,Sally Hawkins,F
2812,Sally Kellerman,F
2813,Sally Messham,F
2814,Salma Hayek,F
2815,Saloni Daini,F
2816,Sam Berry,M
2817,Sam Claflin,M
2818,Sam Delich,M
2819,Sam Elliott,M
2820,Sam Heughan,M
2821,Sam J. Jones,M
2822,Sam Neill,M
2823,Sam Nivola,M
2824,Sam Robards,M
2825,Sam Rockwell,M
2826,Sam Shepard,M
2827,Sam Strike,M
2828,Sam Troughton,M
2829,Sam Worthington,M
2830,Samantha Isler,F
2831,Samantha Mathis,F
2832,Samantha Morton,F
2833,Samara Weaving,F
2834,Samuel E. Wright,M
2835,Samuel L. Jackson,M
2836,Sandahl Bergman,F
2837,Sandra Bullock,F
2838,Sandra Oh,F
2839,Saoirse Ronan,F
2840,Sara Sohn,F
2841,Sarah Brokensha,F
2842,Sarah Butler,F
2843,Sarah Clarke,F
2844,Sarah Gadon,F
2845,Sarah Houbolt,F
2846,Sarah Jessica Parker,F
2847,Sarah Michelle Gellar,F
2848,Sarah Paulson,F
2849,Sarah Polley,F
2850,Sarah Snook,F
2851,Sarah Swire,F
2852,Sarah Voigt,F
2853,Sarah Vowell,F
2854,Sarah Wright,F
2855,Sasha Calle,F
2856,Sasha Lane,F
2857,Sasha Luss,F
2858,Saskia Mulder,F
2859,Saurabh Shukla,M
2860,Saverio Raimondo,M
2861,Scarlett Johansson,F
2862,Scatman Crothers,M
2863,Schuyler Fisk,F
2864,Scoot McNairy,M
2865,Scott Adsit,M
2866,Scott Bakula,M
2867,Scott Eastwood,M
2868,Scott Glenn,M
2869,Scott Haze,M
2870,Scott MacDonald,M
2871,Scott Mechlowicz,M
2872,Scott Schwartz,M
2873,Scott Shepherd,M
2874,Scott Speedman,M
2875,Scott Weinger,M
2876,Sean Astin,M
2877,Sean Bean,M
2878,Sean Biggerstaff,M
2879,Sean Bridgers,M
2880,Sean Chapman,M
2881,Sean Connery,M
2882,Sean Harris,M
2883,Sean Lynch,M
2884,Sean Patrick Flanery,M
2885,Sean Patrick Thomas,M
2886,Sean Penn,M
2887,Sean Sagar,M
2888,Sean Young,F
2889,Seann William Scott,M
2890,Sebastian Koch,M
2891,Sebastian Maniscalco,M
2892,Sebastian Pigott,M
2893,Sebastian Stan,M
2894,Sela Ward,F
2895,Selena Gomez,F
2896,Selma Blair,F
2897,Seth Green,M
2898,Seth MacFarlane,M
2899,Seth Rogen,M
2900,Shad Moss,M
2901,Shailene Woodley,F
2902,Shameik Moore,M
2903,Shamon Brown Jr.,M
2904,Shane Brolly,M
2905,Shane West,M
2906,Shannen Doherty,F
2907,Shannyn Sossamon,F
2908,Shaquille O'Neal,M
2909,Sharlto Copley,M
2910,Sharon Horgan,F
2911,Sharon Small,F
2912,Sharon Stone,F
2913,Shaun Thomas,M
2914,Shauna Macdonald,F
2915,Shawn Ashmore,M
2916,Shawn Doyle,M
2917,Shawn Wayans,M
2918,Shawnee Smith,F
2919,Shay Mitchell,F
2920,Shea Adams,F
2921,Shea Whigham,M
2922,Sheila Atim,F
2923,Shelley Duvall,F
2924,Shelley Thompson,F
2925,Shelley Winters,F
2926,Sherry Cola,F
2927,Shia LaBeouf,M
2928,Shibani Bedi,F
2929,Shila Ommi,F
2930,Shiloh Fernandez,M
2931,Shirley Eaton,F
2932,Shirley MacLaine,F
2933,Shohreh Aghdashloo,F
2934,Shuler Hensley,M
2935,Shuya Sophia Cai,F
2936,Sidney Blackmer,M
2937,Sidney Poitier,M
2938,Sidsel Siem Koch,F
2939,Sienna Miller,F
2940,Sigourney Weaver,F
2941,Simon Callow,M
2942,Simon Helberg,M
2943,Simon McBurney,M
2944,Simon Pegg,M
2945,Simon Rex,M
2946,Simon Russell Beale,M
2947,Simu Liu,M
2948,Sinbad,M
2949,Sinclair Daniel,F
2950,Siobhan Fallon Hogan,F
2951,Sissy Spacek,F
2952,Skandar Keynes,M
2953,Skeet Ulrich,M
2954,Skyler Gisondo,M
2955,Slim Pickens,M
2956,Sofia Barclay,F
2957,Sofia Black-D'Elia,F
2958,Sofia Boutella,F
2959,Sofia Carson,F
2960,Sofia Kappel,F
2961,Sondra Locke,F
2962,Sonia Manzano,F
2963,Sonoya Mizuno,F
2964,Sophia Ali,F
2965,Sophia Anne Caruso,F
2966,Sophia Di Martino,F
2967,Sophia Lillis,F
2968,Sophia Nomvete,F
2969,Sophie Cookson,F
2970,Sophie Kauer,F
2971,Sophie Marceau,F
2972,Sophie McShera,F
2973,Sophie Perry,F
2974,Sophie Thatcher,F
2975,Sosie Bacon,F
2976,Spencer Breslin,M
2977,Stacey Dash,F
2978,Stacy Keach,M
2979,Stacy Martin,F
2980,Stacy Peralta,M
2981,Stanley Tucci,M
2982,Steele Stebbins,M
2983,Stella Cooper,F
2984,Stellan Skarsgård,M
2985,Stephanie Beatriz,F
2986,Stephanie Faracy,F
2987,Stephanie Hsu,F
2988,Stephen Baldwin,M
2989,Stephen Boyd,M
2990,Stephen Campbell Moore,M
2991,Stephen Colbert,M
2992,Stephen Dillane,M
2993,Stephen Dorff,M
2994,Stephen Graham,M
2995,Stephen Knox,M
2996,Stephen Lang,M
2997,Stephen McMillan,M
2998,Stephen Merchant,M
2999,Stephen Rea,M
3000,Stephen Tobolowsky,M
3001,Sterling Hayden,M
3002,Steve Bisley,M
3003,Steve Buscemi,M
3004,Steve Carell,M
3005,Steve Coogan,M
3006,Steve Danielsen,M
3007,Steve Guttenberg,M
3008,Steve Lantz,M
3009,Steve Martin,M
3010,Steve McQueen,M
3011,Steve Railsback,M
3012,Steve Valentine,M
3013,Steve Whitmire,M
3014,Steve Wiebe,M
3015,Steve Zahn,M
3016,Steven Bauer,M
3017,Steven Brand,M
3018,Steven Yeun,M
3019,Stockard Channing,F
3020,Storm Acheche Sahlstrøm,M
3021,Storm Reid,F
3022,Stormee Kipp,F
3023,Strother Martin,M
3024,Stuart Martin,M
3025,Sue Lyon,F
3026,Suleika Jaouad,F
3027,Sullivan Jones,M
3028,Sullivan Stapleton,M
3029,Sully Boyar,M
3030,Suraj Sharma,M
3031,Susan Egan,F
3032,Susan Sarandon,F
3033,Suzanna Son,F
3034,Suzy Kendall,F
3035,Sverrir Gudnason,M
3036,Sydney Greenstreet,M
3037,Sydney Penny,F
3038,Sydney Pollack,M
3039,Sydney Sweeney,F
3040,Sylvester Stallone,M
3041,Synnøve Macody Lund,F
3042,T.J. Miller,M
3043,Tabu,F
3044,Tadanobu Asano,M
3045,Tahar Rahim,M
3046,Taika Waititi,M
3047,Taissa Farmiga,F
3048,Taj Atwal,F
3049,Takehiro Hira,M
3050,Takeshi Kitano,M
3051,Talia Shire,F
3052,Talisa Soto,F
3053,Tami Stronach,F
3054,Tandi Wright,F
3055,Tao Okamoto,F
3056,Tara Ellis,F
3057,Taraji P. Henson,F
3058,Taron Egerton,M
3059,Tate Donovan,M
3060,Tatum O'Neal,F
3061,Taye Diggs,M
3062,Taylor John Smith,M
3063,Taylor Kitsch,M
3064,Taylor Lautner,M
3065,Taylor Momsen,F
3066,Taylor Russell,F
3067,Taylor Swift,F
3068,Taylor Zakhar Perez,M
3069,Ted Knight,M
3070,Ted Levine,M
3071,Teddy Cañez,M
3072,Teddy Geiger,M
3073,Telly Savalas,M
3074,Temuera Morrison,M
3075,Teresa Palmer,F
3076,Teri Garr,F
3077,Teri Hatcher,F
3078,Terrence Howard,M
3079,Terry Camilleri,M
3080,Terry Crews,M
3081,Terry Gilliam,M
3082,Terry Kilburn,M
3083,Tessa Thompson,F
3084,Teyana Taylor,F
3085,Teyonah Parris,F
3086,Thanawut Ketsaro,M
3087,Thandiwe Newton,F
3088,Thelma Ritter,F
3089,Theo James,M
3090,Thobias Thorwid,M
3091,Thomas Brodie-Sangster,M
3092,Thomas Haden Church,M
3093,Thomas Ian Nicholas,M
3094,Thomas Jane,M
3095,Thomas Kretschmann,M
3096,Thomas Lennon,M
3097,Thomas M. Wright,M
3098,Thomas Mann,M
3099,Thomas Mitchell,M
3100,Thomasin McKenzie,F
3101,Thora Birch,F
3102,Thuso Mbedu,F
3103,Tia Carrere,F
3104,Tian Jing,F
3105,Tiffany Haddish,F
3106,Tika Sumpter,F
3107,Tilda Swinton,F
3108,Tim Allen,M
3109,Tim Blake Nelson,M
3110,Tim Curry,M
3111,Tim Griffin,M
3112,Tim Heidecker,M
3113,Tim McGraw,M
3114,Tim Robbins,M
3115,Tim Roth,M
3116,Timothy Dalton,M
3117,Timothy Hutton,M
3118,Timothy Olyphant,M
3119,Timothy Spall,M
3120,Timothée Chalamet,M
3121,Tina Fey,F
3122,Tina Turner,F
3123,Tobey Maguire,M
3124,Tobias Menzies,M
3125,Tobin Bell,M
3126,Toby Froud,M
3127,Toby Kebbell,M
3128,Toby Stephens,M
3129,Toby Wallace,M
3130,Todd Field,M
3131,Todd-o-Phonic Todd,M
3132,Tom Arnold,M
3133,Tom Bateman,M
3134,Tom Berenger,M
3135,Tom Blyth,M
3136,Tom Cruise,M
3137,Tom Fisher,M
3138,Tom Glynn-Carney,M
3139,Tom Guiry,M
3140,Tom Hanks,M
3141,Tom Hardy,M
3142,Tom Helmore,M
3143,Tom Hiddleston,M
3144,Tom Holland,M
3145,Tom Hulce,M
3146,Tom Lewis,M
3147,Tom Lister Jr.,M
3148,Tom Prior,M
3149,Tom Rhys Harries,M
3150,Tom Sizemore,M
3151,Tom Skerritt,M
3152,Tom Waits,M
3153,Tom Wilkinson,M
3154,Tom Wilson,M
3155,Tommy Chong,M
3156,Tommy Lee Jones,M
3157,Tomoko Yamaguchi,F
3158,Tone Loc,M
3159,Toni Collette,F
3160,Toni Nero,F
3161,Tony Bingham,M
3162,Tony Cox,M
3163,Tony Curtis,M
3164,Tony Danza,M
3165,Tony Goldwyn,M
3166,Tony Hale,M
3167,Tony Leung Chiu-wai,M
3168,Tony Moran,M
3169,Tony Randall,M
3170,Tony Shalhoub,M
3171,Topher Grace,M
3172,Topol,M
3173,Tori Kelly,F
3174,Tory Kittles,M
3175,Trace Adkins,M
3176,Tracee Ellis Ross,F
3177,Tracey Graves,F
3178,Tracey Ullman,F
3179,Tracy Letts,M
3180,Travis Tedford,M
3181,Travis Wester,M
3182,Traylor Howard,F
3183,Treat Williams,M
3184,Trevante Rhodes,M
3185,Trevor Fox,M
3186,Trey Wilson,M
3187,Tudor Petrut,M
3188,Tuppence Middleton,F
3189,Ty Olsson,M
3190,Ty Simpkins,M
3191,Tye Sheridan,M
3192,Tygh Runyan,M
3193,Tyler Hoechlin,M
3194,Tyler Perry,M
3195,Tyler Posey,M
3196,Tyrese Gibson,M
3197,Tyrone Power,M
3198,Téa Leoni,F
3199,Uma Thurman,F
3200,Ursula Andress,F
3201,Val Kilmer,M
3202,Valeria Golino,F
3203,Valeriia Karaman,F
3204,Vanessa Hudgens,F
3205,Vanessa Kirby,F
3206,Vera Farmiga,F
3207,Vera Miles,F
3208,Vera-Ellen,F
3209,Verna Bloom,F
3210,Vernon Wells,M
3211,Veronica Cartwright,F
3212,Veronica Falcón,F
3213,Vicky Krieps,F
3214,Victor Garber,M
3215,Victor Moore,M
3216,Viggo Mortensen,M
3217,Vilhelm Blomgren,M
3218,Vin Diesel,M
3219,Vince Vaughn,M
3220,Vince Vieluf,M
3221,Vincent Cassel,M
3222,Vincent D'Onofrio,M
3223,Vincent Spano,M
3224,Vincenzo Amato,M
3225,Vinette Robinson,F
3226,Ving Rhames,M
3227,Vinnie Jones,M
3228,Viola Davis,F
3229,Violante Placido,F
3230,Violet McGraw,F
3231,Violett Beane,F
3232,Virginia Dale,F
3233,Virginia Gardner,F
3234,Virginia Madsen,F
3235,Viveca Lindfors,F
3236,Vivien Leigh,F
3237,Vivien Lyra Blair,F
3238,Vladimir Chuprikov,M
3239,Walker Scobell,M
3240,Walt Dohrn,M
3241,Walter Matthau,M
3242,Walton Goggins,M
3243,Warren Beatty,M
3244,Warren Clarke,M
3245,Warwick Davis,M
3246,Wayne Duvall,M
3247,Wendell Corey,M
3248,Wendi McLendon-Covey,F
3249,Wendy Crewson,F
3250,Wenwen Han,F
3251,Werner Herzog,M
3252,Wes Bentley,M
3253,Wesley Snipes,M
3254,Whitney Able,F
3255,Whitney Houston,F
3256,Whoopi Goldberg,F
3257,Wil Wheaton,M
3258,Wiley Wiggins,M
3259,Wilford Brimley,M
3260,Will Arnett,M
3261,Will Ferrell,M
3262,Will Patton,M
3263,Will Poulter,M
3264,Will Ropp,M
3265,Will Sasso,M
3266,Will Smith,M
3267,Will Yun Lee,M
3268,Willem Dafoe,M
3269,William Atherton,M
3270,William Baldwin,M
3271,William Daniels,M
3272,William Fichtner,M
3273,William H. Macy,M
3274,William Hickey,M
3275,William Holden,M
3276,William Hurt,M
3277,William Jackson Harper,M
3278,William Lee Scott,M
3279,William Moseley,M
3280,William Petersen,M
3281,William Sadler,M
3282,William Shatner,M
3283,William Sylvester,M
3284,Willie Watson,M
3285,Winona Ryder,F
3286,Winslow Fegley,M
3287,Winston Duke,M
3288,Winter Williams,F
3289,Wolf Kahler,M
3290,Wood Harris,M
3291,Woody Allen,M
3292,Woody Harrelson,M
3293,Woody Norman,M
3294,Wyatt Knight,M
3295,Xolo Maridueña,M
3296,YaYa Gosselin,F
3297,Yahya Abdul-Mateen II,M
3298,Yaphet Kotto,M
3299,Yasiin Bey,M
3300,Yonas Kibreab,M
3301,Yoson An,M
3302,Yvonne Strahovski,F
3303,Yvonne Zima,F
3304,Zac Efron,M
3305,Zach Galifianakis,M
3306,Zach Galligan,M
3307,Zach Grenier,M
3308,Zachary Gordon,M
3309,Zachary Levi,M
3310,Zachary Quinto,M
3311,Zachery Ty Bryan,M
3312,Zack Duhame,M
3313,Zack Gottsagen,M
3314,Zazie Beetz,F
3315,Zed Josef,M
3316,Zelda Morrison,F
3317,Zendaya,F
3318,Zoe Margaret Colletti,F
3319,Zoe Saldana,F
3320,Zoey Deutch,F
3321,Zooey Deschanel,F
3322,Zoé De Grand Maison,F
3323,Zoë Kravitz,F
